epoch,time,train/box_loss,train/cls_loss,train/dfl_loss,metrics/precision(B),metrics/recall(B),metrics/mAP50(B),metrics/mAP50-95(B),val/box_loss,val/cls_loss,val/dfl_loss,lr/pg0,lr/pg1,lr/pg2
1,22.4003,4.3596,3.67276,3.95207,0.00094,0.01903,0.0005,0.00018,4.5479,3.64564,4.2245,0.00328767,0.00328767,0.00328767
2,31.9875,3.4311,2.84912,2.94078,0.18263,0.14972,0.0588,0.01375,3.32946,3.42981,3.00736,0.00661663,0.00661663,0.00661663
3,41.5049,2.84836,2.24514,2.30358,0.25263,0.24039,0.15386,0.04299,2.95653,2.38343,2.50762,0.0099412,0.0099412,0.0099412
4,50.7373,2.54297,2.01852,2.07148,0.30271,0.26425,0.19533,0.06013,2.7564,2.38603,2.26493,0.0099802,0.0099802,0.0099802
5,59.9594,2.33331,1.8175,1.89359,0.34185,0.31839,0.2568,0.08425,2.62548,2.07048,2.16973,0.0099736,0.0099736,0.0099736
6,69.3166,2.20194,1.70458,1.80253,0.412,0.34313,0.2869,0.09615,2.54164,2.02973,2.0941,0.009967,0.009967,0.009967
7,78.5162,2.1213,1.62737,1.74122,0.3636,0.36964,0.28381,0.09789,2.34835,1.9263,1.93723,0.0099604,0.0099604,0.0099604
8,87.8681,2.03715,1.55309,1.67777,0.44196,0.38623,0.3659,0.13437,2.28571,1.91014,1.89152,0.0099538,0.0099538,0.0099538
9,97.1218,1.98313,1.50391,1.65563,0.47522,0.42759,0.40078,0.14893,2.27297,1.70461,1.87758,0.0099472,0.0099472,0.0099472
10,106.368,1.94496,1.48095,1.6299,0.51447,0.42111,0.41627,0.16622,2.16721,1.72009,1.8118,0.0099406,0.0099406,0.0099406
11,115.666,1.88654,1.42369,1.58446,0.52955,0.46301,0.46382,0.18823,2.12818,1.60307,1.78106,0.009934,0.009934,0.009934
12,124.966,1.85176,1.38993,1.56784,0.51769,0.47175,0.46461,0.18519,2.12538,1.74534,1.79345,0.0099274,0.0099274,0.0099274
13,134.288,1.80918,1.34758,1.52689,0.5735,0.48359,0.49421,0.20503,2.05716,1.5434,1.71886,0.0099208,0.0099208,0.0099208
14,143.544,1.77676,1.33149,1.5161,0.55183,0.47287,0.48053,0.19968,2.06341,1.58066,1.75339,0.0099142,0.0099142,0.0099142
15,152.891,1.76853,1.32367,1.50232,0.58699,0.48799,0.50887,0.21584,2.02373,1.5519,1.71642,0.0099076,0.0099076,0.0099076
16,162.215,1.73747,1.29877,1.48825,0.60993,0.50116,0.52207,0.22481,1.96065,1.58063,1.66351,0.009901,0.009901,0.009901
17,171.467,1.71562,1.27565,1.46477,0.63801,0.50205,0.53768,0.22682,1.96729,1.52535,1.65917,0.0098944,0.0098944,0.0098944
18,180.854,1.68443,1.24678,1.44375,0.65219,0.50536,0.55239,0.2373,1.96323,1.4547,1.64609,0.0098878,0.0098878,0.0098878
19,190.117,1.67402,1.23702,1.44255,0.63983,0.50337,0.54714,0.24173,1.93187,1.43831,1.63462,0.0098812,0.0098812,0.0098812
20,199.417,1.66427,1.21947,1.42113,0.60464,0.50621,0.52926,0.22683,1.97412,1.45654,1.64782,0.0098746,0.0098746,0.0098746
21,208.622,1.64769,1.20319,1.41065,0.62064,0.52153,0.55921,0.24907,1.9024,1.37985,1.60758,0.009868,0.009868,0.009868
22,217.908,1.63222,1.19033,1.40349,0.62029,0.54883,0.57001,0.25066,1.90412,1.39295,1.59638,0.0098614,0.0098614,0.0098614
23,227.293,1.62716,1.18302,1.40322,0.66305,0.53617,0.57888,0.25814,1.85411,1.42348,1.58199,0.0098548,0.0098548,0.0098548
24,236.497,1.60394,1.17179,1.39155,0.62239,0.53857,0.56244,0.24693,1.89993,1.3852,1.59118,0.0098482,0.0098482,0.0098482
25,245.942,1.57538,1.15322,1.37788,0.65661,0.55295,0.5798,0.24735,1.90048,1.37166,1.61447,0.0098416,0.0098416,0.0098416
26,255.213,1.56776,1.1221,1.35728,0.66832,0.54626,0.58292,0.2627,1.83667,1.34531,1.56363,0.009835,0.009835,0.009835
27,264.469,1.57151,1.1326,1.3592,0.66647,0.55421,0.59843,0.27498,1.81865,1.29637,1.54958,0.0098284,0.0098284,0.0098284
28,273.809,1.56509,1.12677,1.36082,0.67365,0.54796,0.59218,0.26793,1.83371,1.33478,1.55388,0.0098218,0.0098218,0.0098218
29,283.094,1.54157,1.09992,1.33935,0.68396,0.55694,0.59552,0.27079,1.8436,1.30738,1.57237,0.0098152,0.0098152,0.0098152
30,292.363,1.52637,1.10039,1.33885,0.68019,0.56856,0.61632,0.28128,1.83581,1.27171,1.55939,0.0098086,0.0098086,0.0098086
31,301.624,1.54246,1.10057,1.34041,0.70353,0.56444,0.61337,0.28364,1.79166,1.29891,1.53625,0.009802,0.009802,0.009802
32,310.869,1.51998,1.0851,1.33109,0.70203,0.5227,0.5927,0.27303,1.85287,1.3158,1.56259,0.0097954,0.0097954,0.0097954
33,320.205,1.49581,1.06198,1.31918,0.68158,0.56757,0.62255,0.29414,1.79019,1.26878,1.52165,0.0097888,0.0097888,0.0097888
34,329.505,1.51325,1.07707,1.32671,0.64972,0.56615,0.60641,0.28065,1.82669,1.28949,1.53292,0.0097822,0.0097822,0.0097822
35,338.74,1.51449,1.07018,1.32043,0.69388,0.54774,0.59746,0.27372,1.85469,1.28013,1.58194,0.0097756,0.0097756,0.0097756
36,347.97,1.473,1.04443,1.30553,0.71184,0.55833,0.61604,0.29225,1.78914,1.23254,1.53187,0.009769,0.009769,0.009769
37,357.18,1.46806,1.0339,1.29845,0.72278,0.57728,0.6328,0.29808,1.79352,1.22979,1.53723,0.0097624,0.0097624,0.0097624
38,366.534,1.48037,1.04027,1.30115,0.69844,0.57323,0.62949,0.29979,1.76297,1.25004,1.4953,0.0097558,0.0097558,0.0097558
39,375.745,1.48242,1.03866,1.30073,0.71043,0.58332,0.63244,0.30228,1.75893,1.22385,1.50809,0.0097492,0.0097492,0.0097492
40,384.975,1.47593,1.03816,1.2932,0.70811,0.5693,0.62604,0.29225,1.80095,1.22767,1.54332,0.0097426,0.0097426,0.0097426
41,394.224,1.46012,1.02627,1.29337,0.7127,0.58606,0.64463,0.31082,1.70555,1.19994,1.46308,0.009736,0.009736,0.009736
42,403.459,1.46572,1.03021,1.29125,0.7116,0.60022,0.649,0.31037,1.73573,1.16434,1.50611,0.0097294,0.0097294,0.0097294
43,412.816,1.45254,1.01268,1.27696,0.71955,0.58919,0.65169,0.30816,1.74624,1.18938,1.48486,0.0097228,0.0097228,0.0097228
44,422.049,1.46157,1.01836,1.28135,0.70881,0.58531,0.63697,0.30929,1.73332,1.2092,1.48843,0.0097162,0.0097162,0.0097162
45,431.278,1.42992,1.01376,1.28309,0.70238,0.58041,0.64712,0.3192,1.71408,1.1802,1.46359,0.0097096,0.0097096,0.0097096
46,440.526,1.45042,1.01546,1.27447,0.73835,0.59993,0.65717,0.3122,1.73916,1.18322,1.48587,0.009703,0.009703,0.009703
47,449.756,1.44203,1.00631,1.26855,0.7172,0.58824,0.65147,0.31974,1.69356,1.18785,1.46792,0.0096964,0.0096964,0.0096964
48,459.132,1.43119,1.0066,1.26632,0.7049,0.60525,0.65616,0.31985,1.70927,1.16905,1.47016,0.0096898,0.0096898,0.0096898
49,468.371,1.40459,0.98394,1.26051,0.72876,0.59688,0.6572,0.32138,1.66758,1.20805,1.44869,0.0096832,0.0096832,0.0096832
50,477.592,1.41107,0.97927,1.25029,0.73347,0.6017,0.662,0.32315,1.68718,1.17001,1.45247,0.0096766,0.0096766,0.0096766
51,486.814,1.42154,0.98792,1.25969,0.73339,0.60506,0.66469,0.33222,1.66699,1.15549,1.45382,0.00967,0.00967,0.00967
52,496.096,1.40374,0.97689,1.25324,0.7445,0.61401,0.67015,0.33895,1.64334,1.13521,1.43599,0.0096634,0.0096634,0.0096634
53,505.43,1.40486,0.97973,1.25894,0.72396,0.59981,0.65038,0.31896,1.68811,1.16841,1.44567,0.0096568,0.0096568,0.0096568
54,514.673,1.39297,0.97101,1.25091,0.74701,0.60581,0.67068,0.33742,1.64466,1.13521,1.42731,0.0096502,0.0096502,0.0096502
55,523.911,1.39406,0.97676,1.25992,0.69872,0.62249,0.67075,0.34119,1.63891,1.12726,1.43487,0.0096436,0.0096436,0.0096436
56,533.149,1.38605,0.95938,1.24351,0.74133,0.61336,0.67878,0.34395,1.64816,1.1081,1.43739,0.009637,0.009637,0.009637
57,542.385,1.37424,0.95282,1.23683,0.73353,0.59283,0.66547,0.33308,1.66592,1.14782,1.4313,0.0096304,0.0096304,0.0096304
58,551.746,1.38361,0.95525,1.24059,0.75486,0.6125,0.67991,0.3488,1.61256,1.11204,1.42247,0.0096238,0.0096238,0.0096238
59,560.979,1.38572,0.96115,1.24113,0.75214,0.60779,0.68302,0.34904,1.63485,1.09839,1.43619,0.0096172,0.0096172,0.0096172
60,570.232,1.3731,0.94593,1.24003,0.75579,0.61372,0.67919,0.34806,1.6142,1.11541,1.41879,0.0096106,0.0096106,0.0096106
61,579.529,1.37746,0.95,1.23687,0.75519,0.62487,0.68545,0.34763,1.61421,1.11089,1.40512,0.009604,0.009604,0.009604
62,588.724,1.38512,0.94707,1.23747,0.74261,0.62509,0.68852,0.35637,1.60646,1.07905,1.41409,0.0095974,0.0095974,0.0095974
63,598,1.36616,0.93972,1.22866,0.73245,0.59906,0.67331,0.34961,1.61411,1.11676,1.42046,0.0095908,0.0095908,0.0095908
64,607.204,1.37322,0.94601,1.23445,0.74126,0.61529,0.68377,0.35129,1.61309,1.09254,1.41115,0.0095842,0.0095842,0.0095842
65,616.433,1.3777,0.94508,1.22407,0.76794,0.6118,0.68666,0.35101,1.61513,1.0887,1.41654,0.0095776,0.0095776,0.0095776
66,625.66,1.35112,0.93016,1.22648,0.76062,0.62376,0.6899,0.35164,1.59109,1.09635,1.39542,0.009571,0.009571,0.009571
67,634.893,1.36502,0.93484,1.22342,0.75061,0.61931,0.68945,0.35146,1.65462,1.09817,1.4539,0.0095644,0.0095644,0.0095644
68,644.189,1.36313,0.93184,1.22329,0.76053,0.63141,0.69968,0.35835,1.61354,1.06416,1.41675,0.0095578,0.0095578,0.0095578
69,653.379,1.37122,0.94678,1.23837,0.75413,0.62194,0.69181,0.36244,1.58874,1.07477,1.39375,0.0095512,0.0095512,0.0095512
70,662.58,1.35168,0.92705,1.21551,0.76,0.62867,0.70066,0.36243,1.59194,1.07549,1.39861,0.0095446,0.0095446,0.0095446
71,671.833,1.34779,0.92513,1.22047,0.76259,0.62672,0.69748,0.35531,1.59852,1.08435,1.39992,0.009538,0.009538,0.009538
72,681.028,1.35686,0.92715,1.22206,0.76265,0.62806,0.69741,0.35457,1.61008,1.07163,1.40538,0.0095314,0.0095314,0.0095314
73,690.29,1.34907,0.92529,1.21949,0.75512,0.61235,0.68848,0.35255,1.59101,1.12923,1.39398,0.0095248,0.0095248,0.0095248
74,699.6,1.34459,0.92394,1.22315,0.76157,0.6197,0.69661,0.34999,1.6295,1.08702,1.41458,0.0095182,0.0095182,0.0095182
75,708.803,1.33332,0.9165,1.21463,0.7651,0.61627,0.69559,0.3684,1.58245,1.06404,1.39297,0.0095116,0.0095116,0.0095116
76,718.261,1.34283,0.91779,1.20866,0.77925,0.62594,0.70405,0.36776,1.55896,1.05965,1.38276,0.009505,0.009505,0.009505
77,727.485,1.33498,0.91715,1.21161,0.76769,0.63346,0.70723,0.37273,1.55057,1.05256,1.37335,0.0094984,0.0094984,0.0094984
78,736.706,1.33499,0.91478,1.21148,0.75165,0.61813,0.69438,0.36407,1.57373,1.06636,1.39405,0.0094918,0.0094918,0.0094918
79,746.007,1.32073,0.89674,1.20027,0.77337,0.63162,0.70725,0.36173,1.59008,1.05846,1.39399,0.0094852,0.0094852,0.0094852
80,755.231,1.33735,0.91415,1.2116,0.75813,0.64684,0.71128,0.37529,1.55183,1.03239,1.38292,0.0094786,0.0094786,0.0094786
81,764.438,1.31752,0.8962,1.20361,0.78366,0.6303,0.70893,0.37533,1.54729,1.06138,1.3729,0.009472,0.009472,0.009472
82,773.625,1.33074,0.90637,1.20854,0.74613,0.64116,0.70708,0.36993,1.55991,1.04568,1.38468,0.0094654,0.0094654,0.0094654
83,782.856,1.31463,0.88985,1.19765,0.77479,0.62627,0.70294,0.36845,1.58206,1.04404,1.38235,0.0094588,0.0094588,0.0094588
84,792.124,1.32115,0.90049,1.20635,0.7753,0.63171,0.70943,0.371,1.57056,1.03568,1.37272,0.0094522,0.0094522,0.0094522
85,801.337,1.33051,0.9034,1.20438,0.77809,0.63597,0.71782,0.37817,1.54828,1.02139,1.37523,0.0094456,0.0094456,0.0094456
86,810.574,1.32262,0.89539,1.19826,0.77278,0.6294,0.71173,0.37988,1.54374,1.04325,1.37411,0.009439,0.009439,0.009439
87,819.764,1.3048,0.88319,1.18159,0.79473,0.62869,0.70851,0.36979,1.56465,1.0418,1.37703,0.0094324,0.0094324,0.0094324
88,829.087,1.30646,0.88307,1.19251,0.76275,0.64037,0.71323,0.37727,1.54776,1.02162,1.36423,0.0094258,0.0094258,0.0094258
89,838.271,1.30418,0.89657,1.20244,0.7822,0.62993,0.71284,0.38004,1.54206,1.03062,1.36888,0.0094192,0.0094192,0.0094192
90,847.477,1.30637,0.88882,1.19444,0.76307,0.64169,0.70415,0.36032,1.5919,1.04111,1.39317,0.0094126,0.0094126,0.0094126
91,856.674,1.31879,0.89608,1.19859,0.78728,0.6324,0.70699,0.37668,1.54985,1.04369,1.36382,0.009406,0.009406,0.009406
92,865.899,1.29601,0.87471,1.18576,0.77823,0.62725,0.71126,0.37284,1.57158,1.0253,1.36723,0.0093994,0.0093994,0.0093994
93,875.127,1.29747,0.8865,1.19636,0.78831,0.63311,0.71258,0.38272,1.51601,1.01093,1.34858,0.0093928,0.0093928,0.0093928
94,884.42,1.33099,0.88869,1.19435,0.78579,0.64269,0.72026,0.38447,1.53298,1.01819,1.35788,0.0093862,0.0093862,0.0093862
95,893.624,1.29291,0.8785,1.18558,0.78098,0.62654,0.71547,0.37633,1.55897,1.02464,1.35915,0.0093796,0.0093796,0.0093796
96,902.852,1.31113,0.88648,1.19416,0.78365,0.63532,0.72179,0.38655,1.52666,1.00935,1.3554,0.009373,0.009373,0.009373
97,912.061,1.29215,0.8708,1.1779,0.78445,0.62613,0.71103,0.37679,1.53104,1.02778,1.35495,0.0093664,0.0093664,0.0093664
98,921.293,1.28455,0.87357,1.18246,0.79137,0.62914,0.71484,0.38374,1.52959,1.00489,1.35367,0.0093598,0.0093598,0.0093598
99,930.622,1.29186,0.87673,1.18211,0.77911,0.64269,0.71995,0.3838,1.52748,1.02232,1.34277,0.0093532,0.0093532,0.0093532
100,939.867,1.27943,0.87436,1.18536,0.79132,0.62527,0.71198,0.37225,1.56122,1.02263,1.36705,0.0093466,0.0093466,0.0093466
101,949.107,1.27693,0.86376,1.18238,0.78094,0.64162,0.72018,0.38389,1.52818,1.00723,1.34327,0.00934,0.00934,0.00934
102,958.267,1.29788,0.86882,1.18273,0.781,0.65126,0.72924,0.39876,1.49433,0.9889,1.33201,0.0093334,0.0093334,0.0093334
103,967.488,1.26622,0.85902,1.17569,0.78792,0.64861,0.72603,0.39553,1.48905,1.00363,1.33495,0.0093268,0.0093268,0.0093268
104,976.745,1.28528,0.87251,1.18089,0.79143,0.63988,0.72251,0.38028,1.53499,1.01443,1.35097,0.0093202,0.0093202,0.0093202
105,985.959,1.29613,0.87249,1.18163,0.78188,0.63696,0.72328,0.38776,1.51702,0.99692,1.33222,0.0093136,0.0093136,0.0093136
106,995.156,1.28087,0.87282,1.1846,0.78196,0.65115,0.72938,0.39389,1.50375,0.9853,1.33244,0.009307,0.009307,0.009307
107,1004.37,1.26279,0.84933,1.16495,0.7709,0.63947,0.72087,0.38712,1.51622,0.99889,1.33468,0.0093004,0.0093004,0.0093004
108,1013.57,1.27458,0.85246,1.17219,0.79781,0.63964,0.73021,0.39537,1.51608,0.98758,1.34095,0.0092938,0.0092938,0.0092938
109,1022.89,1.27347,0.85807,1.16881,0.79183,0.65538,0.73374,0.39675,1.4883,0.98305,1.32422,0.0092872,0.0092872,0.0092872
110,1032.09,1.27357,0.86211,1.175,0.77727,0.64638,0.72367,0.38931,1.52314,1.01109,1.33683,0.0092806,0.0092806,0.0092806
111,1041.31,1.24742,0.84131,1.15705,0.78401,0.64676,0.72539,0.39461,1.49355,0.99303,1.32505,0.009274,0.009274,0.009274
112,1050.52,1.26999,0.84979,1.16841,0.7853,0.64912,0.72321,0.38647,1.5273,1.00029,1.34463,0.0092674,0.0092674,0.0092674
113,1059.76,1.26273,0.85274,1.17265,0.78069,0.6422,0.72458,0.39229,1.5082,0.98394,1.33035,0.0092608,0.0092608,0.0092608
114,1069.01,1.26516,0.85285,1.1686,0.7971,0.63059,0.72161,0.38885,1.51029,0.98886,1.33302,0.0092542,0.0092542,0.0092542
115,1078.28,1.25369,0.84558,1.16793,0.78554,0.65415,0.72776,0.3974,1.49029,0.98574,1.32058,0.0092476,0.0092476,0.0092476
116,1087.47,1.27202,0.85875,1.17779,0.78666,0.6433,0.72426,0.3822,1.54306,0.99435,1.34493,0.009241,0.009241,0.009241
117,1096.7,1.2525,0.84364,1.16386,0.78608,0.65256,0.73121,0.40022,1.48527,0.9813,1.32062,0.0092344,0.0092344,0.0092344
118,1105.86,1.26526,0.84567,1.16664,0.77997,0.65148,0.72977,0.39951,1.48659,0.97725,1.32882,0.0092278,0.0092278,0.0092278
119,1115.17,1.24315,0.83895,1.15817,0.80627,0.64454,0.73496,0.39785,1.49708,0.98014,1.32181,0.0092212,0.0092212,0.0092212
120,1124.38,1.25311,0.85123,1.16818,0.7927,0.65473,0.73186,0.40201,1.48637,0.97615,1.31808,0.0092146,0.0092146,0.0092146
121,1133.56,1.25415,0.84639,1.16651,0.77936,0.65193,0.7304,0.39611,1.49507,0.97672,1.31641,0.009208,0.009208,0.009208
122,1142.77,1.26128,0.83964,1.15615,0.79477,0.65599,0.73383,0.40109,1.48373,0.97305,1.31622,0.0092014,0.0092014,0.0092014
123,1151.99,1.27646,0.85923,1.17285,0.79896,0.65496,0.73378,0.39306,1.49649,0.97211,1.32462,0.0091948,0.0091948,0.0091948
124,1161.29,1.24537,0.84137,1.16397,0.79207,0.65591,0.73492,0.39719,1.49721,0.97261,1.32006,0.0091882,0.0091882,0.0091882
125,1170.49,1.2584,0.84033,1.16522,0.81373,0.64611,0.73787,0.40727,1.45838,0.95293,1.30167,0.0091816,0.0091816,0.0091816
126,1179.68,1.25651,0.83535,1.16179,0.78927,0.64497,0.73215,0.40634,1.47069,0.97435,1.30684,0.009175,0.009175,0.009175
127,1188.88,1.24926,0.83599,1.15282,0.78881,0.65792,0.74049,0.40626,1.46701,0.96331,1.3034,0.0091684,0.0091684,0.0091684
128,1198.09,1.254,0.83938,1.15608,0.79412,0.65924,0.73988,0.40487,1.45854,0.95939,1.30463,0.0091618,0.0091618,0.0091618
129,1207.36,1.24189,0.83569,1.16037,0.79523,0.66641,0.73735,0.40175,1.4861,0.95439,1.31141,0.0091552,0.0091552,0.0091552
130,1216.58,1.23353,0.83074,1.15483,0.78549,0.65688,0.73566,0.40613,1.48067,0.96045,1.30608,0.0091486,0.0091486,0.0091486
131,1225.85,1.25432,0.83843,1.15602,0.79496,0.65745,0.73709,0.40283,1.48821,0.95792,1.31622,0.009142,0.009142,0.009142
132,1235.1,1.23399,0.83719,1.1592,0.79427,0.66543,0.74136,0.39978,1.49357,0.96609,1.31487,0.0091354,0.0091354,0.0091354
133,1244.34,1.24122,0.83528,1.15735,0.81253,0.65117,0.74311,0.40675,1.46154,0.95485,1.29591,0.0091288,0.0091288,0.0091288
134,1253.61,1.23948,0.82766,1.15256,0.79289,0.64394,0.73219,0.40444,1.46841,0.9638,1.30032,0.0091222,0.0091222,0.0091222
135,1262.84,1.23141,0.83596,1.15123,0.78997,0.66356,0.73938,0.40519,1.45752,0.95759,1.29104,0.0091156,0.0091156,0.0091156
136,1272.05,1.24676,0.8315,1.15153,0.78376,0.6628,0.74253,0.40342,1.46381,0.97369,1.29614,0.009109,0.009109,0.009109
137,1281.28,1.24732,0.83381,1.15589,0.79113,0.65554,0.73416,0.40555,1.46303,0.96078,1.30605,0.0091024,0.0091024,0.0091024
138,1290.49,1.22029,0.8226,1.15087,0.78126,0.66022,0.73306,0.3994,1.46135,0.96473,1.29526,0.0090958,0.0090958,0.0090958
139,1299.78,1.23989,0.83256,1.14912,0.78863,0.65354,0.73512,0.40699,1.45673,0.95062,1.29657,0.0090892,0.0090892,0.0090892
140,1309,1.23523,0.83028,1.15232,0.80334,0.65741,0.73794,0.39711,1.48283,0.94191,1.2985,0.0090826,0.0090826,0.0090826
141,1318.19,1.23596,0.82486,1.14704,0.79698,0.66223,0.74024,0.41269,1.44784,0.93969,1.28462,0.009076,0.009076,0.009076
142,1327.43,1.22191,0.82056,1.14483,0.80419,0.65371,0.74332,0.40678,1.46239,0.95092,1.29051,0.0090694,0.0090694,0.0090694
143,1336.62,1.25421,0.83619,1.15428,0.79316,0.66129,0.7444,0.40911,1.46418,0.94392,1.29551,0.0090628,0.0090628,0.0090628
144,1345.92,1.23803,0.8283,1.14889,0.80076,0.65919,0.7427,0.4083,1.4693,0.93905,1.30129,0.0090562,0.0090562,0.0090562
145,1355.18,1.24259,0.83191,1.14851,0.79261,0.66478,0.74386,0.41427,1.44091,0.94854,1.28258,0.0090496,0.0090496,0.0090496
146,1364.36,1.23074,0.82538,1.14725,0.80193,0.66827,0.74349,0.40877,1.4732,0.93373,1.30003,0.009043,0.009043,0.009043
147,1373.6,1.22329,0.82186,1.14277,0.81068,0.66349,0.74675,0.41102,1.45593,0.94177,1.28662,0.0090364,0.0090364,0.0090364
148,1382.79,1.23832,0.82787,1.14578,0.8011,0.65953,0.74226,0.41459,1.45918,0.94627,1.29096,0.0090298,0.0090298,0.0090298
149,1392.09,1.22916,0.82443,1.1497,0.80989,0.65876,0.74784,0.42228,1.43389,0.93117,1.28614,0.0090232,0.0090232,0.0090232
150,1401.28,1.2164,0.81762,1.14061,0.79769,0.66837,0.744,0.405,1.47491,0.94267,1.29751,0.0090166,0.0090166,0.0090166
151,1410.5,1.22463,0.81502,1.13651,0.80276,0.65722,0.74528,0.41197,1.44702,0.94037,1.28598,0.00901,0.00901,0.00901
152,1419.73,1.21216,0.81462,1.13552,0.80511,0.66017,0.74696,0.41695,1.43997,0.93125,1.27667,0.0090034,0.0090034,0.0090034
153,1428.94,1.23356,0.81869,1.14173,0.79276,0.65957,0.74946,0.41688,1.44776,0.94154,1.27961,0.0089968,0.0089968,0.0089968
154,1438.22,1.21764,0.81513,1.1431,0.80232,0.66032,0.74723,0.41818,1.43359,0.93983,1.28093,0.0089902,0.0089902,0.0089902
155,1447.44,1.21973,0.81674,1.14165,0.80447,0.65736,0.74213,0.40874,1.4549,0.94206,1.28457,0.0089836,0.0089836,0.0089836
156,1456.64,1.20781,0.80796,1.1369,0.82565,0.64885,0.7482,0.41714,1.43628,0.928,1.27382,0.008977,0.008977,0.008977
157,1465.84,1.20311,0.80414,1.1373,0.80037,0.66855,0.74548,0.41941,1.43456,0.92456,1.27829,0.0089704,0.0089704,0.0089704
158,1475.1,1.21199,0.81174,1.13659,0.81526,0.65204,0.74518,0.41742,1.44501,0.9318,1.28322,0.0089638,0.0089638,0.0089638
159,1484.38,1.21226,0.80719,1.12984,0.81443,0.66269,0.74944,0.41752,1.44329,0.92961,1.28241,0.0089572,0.0089572,0.0089572
160,1493.58,1.20901,0.81223,1.13704,0.80745,0.66642,0.74811,0.4131,1.46413,0.93555,1.2874,0.0089506,0.0089506,0.0089506
161,1502.78,1.20785,0.80714,1.12847,0.80586,0.6589,0.74826,0.41661,1.44754,0.91905,1.27936,0.008944,0.008944,0.008944
162,1511.92,1.2194,0.81155,1.13695,0.81139,0.67113,0.75009,0.41818,1.42688,0.92141,1.26685,0.0089374,0.0089374,0.0089374
163,1521.11,1.21937,0.81027,1.13587,0.81942,0.65727,0.75003,0.41832,1.43519,0.91191,1.27136,0.0089308,0.0089308,0.0089308
164,1530.4,1.20629,0.81299,1.13282,0.80436,0.6647,0.7483,0.41947,1.42387,0.92179,1.26308,0.0089242,0.0089242,0.0089242
165,1539.62,1.19632,0.79696,1.12859,0.80402,0.66688,0.74903,0.41312,1.4595,0.91769,1.2792,0.0089176,0.0089176,0.0089176
166,1548.83,1.214,0.80796,1.13266,0.80351,0.66517,0.7492,0.41837,1.43279,0.91736,1.27417,0.008911,0.008911,0.008911
167,1558.03,1.20163,0.797,1.12411,0.80408,0.66753,0.74903,0.42085,1.42452,0.91313,1.26514,0.0089044,0.0089044,0.0089044
168,1567.22,1.21092,0.8086,1.13978,0.81223,0.66827,0.75202,0.41357,1.45391,0.91612,1.28017,0.0088978,0.0088978,0.0088978
169,1576.49,1.20865,0.80633,1.13253,0.81095,0.66372,0.75326,0.42016,1.4409,0.90845,1.2763,0.0088912,0.0088912,0.0088912
170,1585.72,1.19921,0.80075,1.12911,0.80701,0.66664,0.75318,0.42329,1.41491,0.91813,1.26904,0.0088846,0.0088846,0.0088846
171,1594.9,1.20707,0.80764,1.14367,0.80665,0.66507,0.75053,0.41622,1.44,0.92159,1.27693,0.008878,0.008878,0.008878
172,1604.11,1.20905,0.80135,1.12514,0.81791,0.66677,0.75266,0.42415,1.41788,0.92586,1.26686,0.0088714,0.0088714,0.0088714
173,1613.31,1.19176,0.79373,1.12903,0.81888,0.66458,0.75632,0.42943,1.41296,0.91603,1.26364,0.0088648,0.0088648,0.0088648
174,1622.57,1.20205,0.80193,1.12925,0.81924,0.66163,0.75221,0.42414,1.42425,0.91432,1.26656,0.0088582,0.0088582,0.0088582
175,1631.78,1.21716,0.80732,1.1366,0.81129,0.66461,0.75205,0.41998,1.44105,0.91673,1.26861,0.0088516,0.0088516,0.0088516
176,1640.99,1.19893,0.80297,1.12678,0.81567,0.66384,0.74989,0.41847,1.43811,0.91149,1.2705,0.008845,0.008845,0.008845
177,1650.21,1.20903,0.8075,1.12945,0.81929,0.66391,0.75358,0.42439,1.41745,0.90633,1.26524,0.0088384,0.0088384,0.0088384
178,1659.41,1.20692,0.80236,1.13266,0.81627,0.6639,0.75368,0.42109,1.4264,0.90496,1.26615,0.0088318,0.0088318,0.0088318
179,1668.72,1.19716,0.79745,1.12478,0.81168,0.6722,0.75267,0.423,1.41762,0.90463,1.26028,0.0088252,0.0088252,0.0088252
180,1677.9,1.20332,0.80376,1.12763,0.81677,0.66765,0.75237,0.42476,1.41501,0.90977,1.25785,0.0088186,0.0088186,0.0088186
181,1687.11,1.19469,0.79918,1.12526,0.80686,0.66702,0.7502,0.42566,1.41692,0.90072,1.26133,0.008812,0.008812,0.008812
182,1696.29,1.18839,0.79752,1.11974,0.81774,0.66193,0.75202,0.4223,1.42403,0.904,1.26046,0.0088054,0.0088054,0.0088054
183,1705.51,1.20609,0.79849,1.1232,0.81275,0.67333,0.75078,0.42293,1.41243,0.90306,1.2544,0.0087988,0.0087988,0.0087988
184,1714.9,1.1977,0.80139,1.12768,0.81474,0.67618,0.7553,0.42543,1.41594,0.90348,1.25801,0.0087922,0.0087922,0.0087922
185,1724.09,1.18217,0.78905,1.12275,0.82162,0.66692,0.7547,0.42408,1.42184,0.90631,1.25828,0.0087856,0.0087856,0.0087856
186,1733.26,1.1722,0.78026,1.11106,0.81534,0.67564,0.75922,0.4277,1.42053,0.9016,1.25978,0.008779,0.008779,0.008779
187,1742.46,1.20005,0.80169,1.12459,0.8164,0.67741,0.76099,0.4279,1.41307,0.89699,1.25607,0.0087724,0.0087724,0.0087724
188,1751.64,1.20032,0.80176,1.12322,0.81094,0.67731,0.76161,0.43156,1.40011,0.89736,1.25136,0.0087658,0.0087658,0.0087658
189,1761.11,1.18598,0.78556,1.11757,0.83001,0.6642,0.75995,0.42936,1.40485,0.89905,1.2501,0.0087592,0.0087592,0.0087592
190,1770.39,1.19573,0.78852,1.11885,0.81907,0.67604,0.76148,0.42966,1.40619,0.89901,1.25257,0.0087526,0.0087526,0.0087526
191,1779.6,1.18441,0.79246,1.12283,0.81722,0.67174,0.7602,0.42676,1.41459,0.89273,1.2553,0.008746,0.008746,0.008746
192,1788.85,1.18153,0.78457,1.11861,0.81425,0.675,0.76203,0.43095,1.40649,0.89361,1.24636,0.0087394,0.0087394,0.0087394
193,1798.08,1.20646,0.79468,1.12557,0.82046,0.67133,0.76273,0.43203,1.40226,0.89721,1.24577,0.0087328,0.0087328,0.0087328
194,1807.36,1.18168,0.78266,1.11413,0.82592,0.6676,0.75895,0.42934,1.41679,0.89115,1.25344,0.0087262,0.0087262,0.0087262
195,1816.55,1.1917,0.79273,1.11943,0.8361,0.66001,0.75962,0.43226,1.40313,0.89409,1.24537,0.0087196,0.0087196,0.0087196
196,1825.78,1.19651,0.79267,1.11563,0.8298,0.66425,0.75687,0.43168,1.39956,0.89704,1.24829,0.008713,0.008713,0.008713
197,1835.01,1.17555,0.78408,1.11142,0.81142,0.67644,0.76051,0.43222,1.40181,0.89422,1.24619,0.0087064,0.0087064,0.0087064
198,1844.21,1.17265,0.78165,1.11487,0.81881,0.67455,0.76179,0.43233,1.39915,0.90075,1.24375,0.0086998,0.0086998,0.0086998
199,1853.52,1.18696,0.79344,1.11804,0.81852,0.67394,0.76169,0.43254,1.399,0.89076,1.24465,0.0086932,0.0086932,0.0086932
200,1862.71,1.18392,0.78916,1.11862,0.8296,0.66562,0.7593,0.43324,1.4021,0.90079,1.24369,0.0086866,0.0086866,0.0086866
201,1871.91,1.1646,0.77785,1.11008,0.81901,0.67359,0.75979,0.4311,1.39814,0.89127,1.24361,0.00868,0.00868,0.00868
202,1881.07,1.17491,0.77925,1.1149,0.80743,0.67873,0.76065,0.42801,1.40711,0.88622,1.24605,0.0086734,0.0086734,0.0086734
203,1890.29,1.19643,0.79569,1.12093,0.80691,0.68347,0.76326,0.4303,1.40076,0.89233,1.23875,0.0086668,0.0086668,0.0086668
204,1899.59,1.16676,0.77837,1.11378,0.81317,0.68192,0.76319,0.43027,1.40465,0.88412,1.24092,0.0086602,0.0086602,0.0086602
205,1908.76,1.16013,0.76686,1.10863,0.81753,0.67768,0.76273,0.43084,1.40171,0.88568,1.24286,0.0086536,0.0086536,0.0086536
206,1917.92,1.18214,0.78001,1.11351,0.81959,0.6759,0.7646,0.43232,1.40297,0.88605,1.24292,0.008647,0.008647,0.008647
207,1927.09,1.17031,0.78353,1.11097,0.81854,0.67779,0.76265,0.43358,1.39802,0.8916,1.24053,0.0086404,0.0086404,0.0086404
208,1936.31,1.16836,0.77707,1.11806,0.81714,0.67975,0.76131,0.43252,1.40266,0.88709,1.24483,0.0086338,0.0086338,0.0086338
209,1945.6,1.15476,0.76267,1.10102,0.8304,0.67057,0.76334,0.43277,1.40689,0.88342,1.24679,0.0086272,0.0086272,0.0086272
210,1954.81,1.17177,0.77831,1.10764,0.81569,0.68574,0.76316,0.43217,1.40143,0.88435,1.24119,0.0086206,0.0086206,0.0086206
211,1963.98,1.15672,0.7743,1.11002,0.82589,0.67818,0.76458,0.4339,1.39428,0.87979,1.23658,0.008614,0.008614,0.008614
212,1973.14,1.17794,0.78094,1.11236,0.82538,0.67756,0.76359,0.43705,1.38713,0.88078,1.23514,0.0086074,0.0086074,0.0086074
213,1982.34,1.15993,0.77288,1.10578,0.81734,0.68106,0.76446,0.43455,1.39001,0.88303,1.23358,0.0086008,0.0086008,0.0086008
214,1991.61,1.17858,0.77925,1.11224,0.81915,0.68305,0.76662,0.43616,1.39257,0.8832,1.23249,0.0085942,0.0085942,0.0085942
215,2000.83,1.17209,0.78161,1.11596,0.81248,0.68226,0.76401,0.43509,1.39887,0.88148,1.23876,0.0085876,0.0085876,0.0085876
216,2010.05,1.18554,0.78789,1.11312,0.8063,0.68453,0.76416,0.43645,1.39296,0.87859,1.23725,0.008581,0.008581,0.008581
217,2019.29,1.17992,0.77801,1.1128,0.81376,0.68109,0.76293,0.4359,1.38751,0.88058,1.23128,0.0085744,0.0085744,0.0085744
218,2028.48,1.18623,0.78558,1.10981,0.81386,0.67894,0.76365,0.43728,1.38669,0.88265,1.23204,0.0085678,0.0085678,0.0085678
219,2037.75,1.17883,0.77707,1.11602,0.82158,0.67459,0.76202,0.43346,1.39697,0.88407,1.23583,0.0085612,0.0085612,0.0085612
220,2046.96,1.15765,0.76679,1.10217,0.82449,0.67613,0.76606,0.43638,1.38846,0.87975,1.22866,0.0085546,0.0085546,0.0085546
221,2056.12,1.17033,0.77623,1.112,0.83231,0.66799,0.76342,0.43519,1.39659,0.87555,1.2326,0.008548,0.008548,0.008548
222,2065.35,1.16677,0.77171,1.09778,0.82948,0.6702,0.76486,0.43651,1.39297,0.8834,1.2331,0.0085414,0.0085414,0.0085414
223,2074.57,1.17619,0.77989,1.10647,0.82564,0.67342,0.76543,0.43661,1.39261,0.87776,1.2305,0.0085348,0.0085348,0.0085348
224,2083.85,1.16665,0.77543,1.10595,0.8285,0.67079,0.76622,0.4386,1.38552,0.87892,1.22999,0.0085282,0.0085282,0.0085282
225,2093.07,1.15002,0.76473,1.10239,0.82686,0.67901,0.76773,0.43793,1.38431,0.87481,1.23027,0.0085216,0.0085216,0.0085216
226,2102.27,1.16906,0.78156,1.11033,0.82957,0.67917,0.77097,0.43972,1.39231,0.8684,1.23073,0.008515,0.008515,0.008515
227,2111.45,1.16754,0.77155,1.10912,0.82358,0.66986,0.76696,0.4391,1.39316,0.87311,1.23231,0.0085084,0.0085084,0.0085084
228,2120.67,1.15762,0.76824,1.10456,0.83611,0.66685,0.76754,0.44047,1.38817,0.87356,1.2312,0.0085018,0.0085018,0.0085018
229,2129.95,1.16366,0.76757,1.10801,0.8311,0.66843,0.76584,0.43814,1.38821,0.87505,1.23182,0.0084952,0.0084952,0.0084952
230,2139.17,1.16969,0.77408,1.10956,0.82288,0.6803,0.76803,0.4379,1.38856,0.87153,1.23336,0.0084886,0.0084886,0.0084886
231,2148.35,1.14764,0.75927,1.09782,0.821,0.67566,0.76513,0.43625,1.39083,0.87373,1.23594,0.008482,0.008482,0.008482
232,2157.51,1.16264,0.77274,1.09852,0.83101,0.67233,0.76745,0.43819,1.38657,0.87144,1.23309,0.0084754,0.0084754,0.0084754
233,2166.66,1.14837,0.76123,1.09911,0.83197,0.68065,0.76861,0.44081,1.38012,0.87207,1.23421,0.0084688,0.0084688,0.0084688
234,2175.99,1.14177,0.75807,1.09452,0.82312,0.68429,0.76819,0.43932,1.38638,0.86726,1.23038,0.0084622,0.0084622,0.0084622
235,2185.18,1.15335,0.76239,1.09902,0.82568,0.68059,0.76685,0.43829,1.39412,0.87604,1.23365,0.0084556,0.0084556,0.0084556
236,2194.4,1.15715,0.77343,1.10649,0.81655,0.68193,0.76597,0.43923,1.38977,0.87145,1.23345,0.008449,0.008449,0.008449
237,2203.54,1.16273,0.76926,1.10586,0.82052,0.67115,0.76422,0.4397,1.38681,0.87299,1.23103,0.0084424,0.0084424,0.0084424
238,2212.72,1.15614,0.76772,1.10402,0.82108,0.67636,0.76454,0.43803,1.39206,0.86715,1.23351,0.0084358,0.0084358,0.0084358
239,2222.01,1.16663,0.76891,1.10286,0.82151,0.6799,0.76764,0.43892,1.38774,0.8697,1.23317,0.0084292,0.0084292,0.0084292
240,2231.2,1.14308,0.7631,1.10013,0.82752,0.67747,0.76747,0.44008,1.38577,0.86868,1.23317,0.0084226,0.0084226,0.0084226
241,2240.4,1.15121,0.75781,1.09817,0.82104,0.68091,0.76732,0.44053,1.3814,0.86639,1.22819,0.008416,0.008416,0.008416
242,2249.63,1.15522,0.76289,1.10328,0.80987,0.69167,0.77081,0.43963,1.38739,0.86334,1.23066,0.0084094,0.0084094,0.0084094
243,2258.81,1.15268,0.75962,1.10181,0.82353,0.67528,0.76656,0.43957,1.38428,0.86722,1.22665,0.0084028,0.0084028,0.0084028
244,2268.1,1.16494,0.77292,1.1073,0.82648,0.67651,0.76695,0.43985,1.38294,0.86864,1.22525,0.0083962,0.0083962,0.0083962
245,2277.29,1.15593,0.76062,1.1008,0.83091,0.67719,0.76761,0.44131,1.38026,0.87047,1.22458,0.0083896,0.0083896,0.0083896
246,2286.5,1.17502,0.76971,1.10294,0.82669,0.67804,0.76722,0.4408,1.38012,0.86552,1.22644,0.008383,0.008383,0.008383
247,2295.69,1.15528,0.76139,1.09899,0.83425,0.67507,0.76823,0.44306,1.38116,0.86203,1.22583,0.0083764,0.0083764,0.0083764
248,2304.87,1.15799,0.76313,1.09533,0.82923,0.67426,0.7682,0.44163,1.38319,0.86211,1.22562,0.0083698,0.0083698,0.0083698
249,2314.15,1.13032,0.75383,1.092,0.83521,0.67784,0.77208,0.4423,1.38044,0.85933,1.22481,0.0083632,0.0083632,0.0083632
250,2323.33,1.15397,0.76647,1.09995,0.8373,0.67815,0.77213,0.44295,1.37785,0.86246,1.22382,0.0083566,0.0083566,0.0083566
251,2332.52,1.1578,0.76476,1.10227,0.82627,0.68129,0.77085,0.4418,1.3824,0.85882,1.22705,0.00835,0.00835,0.00835
252,2341.71,1.14883,0.75205,1.09754,0.83311,0.67863,0.7694,0.44203,1.38233,0.86093,1.22877,0.0083434,0.0083434,0.0083434
253,2350.94,1.14833,0.76326,1.09635,0.834,0.67984,0.77021,0.44213,1.38373,0.86496,1.22856,0.0083368,0.0083368,0.0083368
254,2360.25,1.15596,0.75698,1.09435,0.82107,0.6879,0.77057,0.44432,1.38019,0.86268,1.22749,0.0083302,0.0083302,0.0083302
255,2369.4,1.14271,0.7526,1.09151,0.82419,0.68738,0.77348,0.44562,1.37662,0.86106,1.22434,0.0083236,0.0083236,0.0083236
256,2378.61,1.15931,0.75889,1.09764,0.82332,0.68747,0.77143,0.44476,1.37817,0.86509,1.22412,0.008317,0.008317,0.008317
257,2387.8,1.14512,0.75161,1.08844,0.82822,0.68068,0.77321,0.44526,1.37945,0.86247,1.22736,0.0083104,0.0083104,0.0083104
258,2396.96,1.14242,0.75048,1.09505,0.82589,0.68615,0.77373,0.44384,1.38046,0.86113,1.22732,0.0083038,0.0083038,0.0083038
259,2406.27,1.14548,0.75865,1.09863,0.82895,0.68354,0.77247,0.44389,1.3804,0.86387,1.22566,0.0082972,0.0082972,0.0082972
260,2415.46,1.14554,0.75567,1.09553,0.82428,0.68404,0.77381,0.44456,1.38239,0.86273,1.2263,0.0082906,0.0082906,0.0082906
261,2424.72,1.14756,0.7535,1.09496,0.82312,0.68808,0.77398,0.44556,1.37497,0.8602,1.2237,0.008284,0.008284,0.008284
262,2433.93,1.14509,0.75721,1.08788,0.82638,0.68323,0.77296,0.44603,1.37344,0.85863,1.22208,0.0082774,0.0082774,0.0082774
263,2443.12,1.14818,0.75934,1.09883,0.82328,0.68699,0.77403,0.44697,1.37184,0.85847,1.2205,0.0082708,0.0082708,0.0082708
264,2452.4,1.15467,0.76334,1.10177,0.82453,0.68565,0.77494,0.44571,1.3671,0.85896,1.21915,0.0082642,0.0082642,0.0082642
265,2461.63,1.14305,0.75304,1.08745,0.81759,0.68636,0.77424,0.4474,1.36828,0.85784,1.22033,0.0082576,0.0082576,0.0082576
266,2470.84,1.15477,0.75719,1.0964,0.81836,0.68303,0.7717,0.4451,1.37109,0.85687,1.2217,0.008251,0.008251,0.008251
267,2480.03,1.13317,0.74239,1.09039,0.8173,0.68672,0.77203,0.4463,1.37194,0.86054,1.22319,0.0082444,0.0082444,0.0082444
268,2489.2,1.15451,0.75767,1.09724,0.8188,0.69051,0.77366,0.44495,1.37344,0.86148,1.22546,0.0082378,0.0082378,0.0082378
269,2498.5,1.13819,0.74743,1.09041,0.82267,0.68501,0.7726,0.44526,1.37023,0.86195,1.22362,0.0082312,0.0082312,0.0082312
270,2507.69,1.14543,0.75419,1.08987,0.82179,0.68392,0.77234,0.44593,1.36739,0.85894,1.2193,0.0082246,0.0082246,0.0082246
271,2516.89,1.14328,0.75762,1.09975,0.81925,0.68524,0.77186,0.44641,1.3666,0.85714,1.21773,0.008218,0.008218,0.008218
272,2526.05,1.12626,0.7392,1.08358,0.82091,0.68568,0.772,0.4456,1.37076,0.85872,1.21881,0.0082114,0.0082114,0.0082114
273,2535.26,1.14456,0.7471,1.09017,0.82482,0.68507,0.77239,0.44527,1.3693,0.85687,1.21887,0.0082048,0.0082048,0.0082048
274,2544.52,1.14053,0.7509,1.08881,0.83093,0.67953,0.77145,0.44462,1.36962,0.85642,1.21942,0.0081982,0.0081982,0.0081982
275,2553.67,1.14453,0.75082,1.09425,0.83142,0.68112,0.77193,0.44575,1.36688,0.85662,1.21805,0.0081916,0.0081916,0.0081916
276,2562.85,1.14489,0.75303,1.09077,0.82844,0.68333,0.77263,0.44651,1.36834,0.85331,1.21844,0.008185,0.008185,0.008185
277,2572.04,1.15019,0.761,1.09849,0.8265,0.6846,0.77283,0.44677,1.3675,0.85173,1.21772,0.0081784,0.0081784,0.0081784
278,2581.26,1.13222,0.74709,1.08928,0.82187,0.68975,0.77182,0.44627,1.36893,0.85471,1.21823,0.0081718,0.0081718,0.0081718
279,2590.55,1.13673,0.74897,1.08816,0.82272,0.69067,0.77214,0.44688,1.36525,0.85336,1.21649,0.0081652,0.0081652,0.0081652
280,2599.7,1.13266,0.74912,1.08984,0.82401,0.68653,0.7724,0.44738,1.36723,0.85562,1.21788,0.0081586,0.0081586,0.0081586
281,2608.91,1.13379,0.74952,1.08965,0.82807,0.68134,0.77197,0.44819,1.36691,0.85472,1.21703,0.008152,0.008152,0.008152
282,2618.13,1.13157,0.7404,1.08454,0.82792,0.67926,0.77044,0.4479,1.36475,0.85429,1.21372,0.0081454,0.0081454,0.0081454
283,2627.32,1.1368,0.74575,1.08615,0.82872,0.68292,0.77091,0.44869,1.36441,0.85423,1.21205,0.0081388,0.0081388,0.0081388
284,2636.62,1.14391,0.74717,1.09157,0.82484,0.68517,0.7732,0.44842,1.36433,0.8544,1.21317,0.0081322,0.0081322,0.0081322
285,2645.78,1.12622,0.74146,1.08013,0.83167,0.68458,0.77501,0.44852,1.36423,0.85319,1.21412,0.0081256,0.0081256,0.0081256
286,2654.97,1.14228,0.75057,1.08591,0.83168,0.68479,0.77451,0.44774,1.36682,0.8514,1.21545,0.008119,0.008119,0.008119
287,2664.14,1.13341,0.74583,1.08083,0.83433,0.6816,0.77448,0.44763,1.36757,0.85179,1.2158,0.0081124,0.0081124,0.0081124
288,2673.37,1.14416,0.74985,1.08792,0.82976,0.68243,0.77329,0.44794,1.36438,0.85199,1.21464,0.0081058,0.0081058,0.0081058
289,2682.65,1.14205,0.74614,1.08748,0.8274,0.68506,0.77349,0.44813,1.36324,0.85008,1.21351,0.0080992,0.0080992,0.0080992
290,2691.86,1.13997,0.75034,1.08698,0.83162,0.68196,0.77341,0.4493,1.36167,0.84544,1.21186,0.0080926,0.0080926,0.0080926
291,2701.05,1.1316,0.74783,1.08698,0.82964,0.68204,0.77262,0.44918,1.36113,0.84399,1.21067,0.008086,0.008086,0.008086
292,2710.23,1.12884,0.74395,1.08273,0.82923,0.68592,0.77337,0.44899,1.36015,0.84282,1.2097,0.0080794,0.0080794,0.0080794
293,2719.4,1.12935,0.74247,1.08031,0.82673,0.6852,0.77144,0.44811,1.36205,0.84483,1.21005,0.0080728,0.0080728,0.0080728
294,2728.68,1.14686,0.75267,1.09042,0.83052,0.68535,0.7731,0.44878,1.35793,0.8446,1.20736,0.0080662,0.0080662,0.0080662
295,2737.88,1.1239,0.73795,1.08231,0.83344,0.68604,0.77411,0.4485,1.35931,0.84383,1.20705,0.0080596,0.0080596,0.0080596
296,2747.08,1.1443,0.74307,1.09106,0.82416,0.68913,0.77348,0.44869,1.3584,0.84433,1.20657,0.008053,0.008053,0.008053
297,2756.29,1.14799,0.75245,1.08804,0.82588,0.68386,0.77235,0.45013,1.35671,0.84425,1.2056,0.0080464,0.0080464,0.0080464
298,2765.45,1.15833,0.76028,1.09053,0.82518,0.68445,0.77126,0.44954,1.35498,0.84276,1.20566,0.0080398,0.0080398,0.0080398
299,2774.69,1.1238,0.74424,1.0863,0.82402,0.68364,0.77197,0.44989,1.35388,0.84455,1.20465,0.0080332,0.0080332,0.0080332
300,2783.87,1.12187,0.73813,1.07509,0.82696,0.68722,0.77353,0.4504,1.35424,0.8442,1.20469,0.0080266,0.0080266,0.0080266
301,2793.08,1.12528,0.74336,1.08441,0.82287,0.68687,0.77268,0.45061,1.35727,0.84503,1.20665,0.00802,0.00802,0.00802
302,2802.29,1.14908,0.7519,1.08478,0.82437,0.68808,0.77368,0.45055,1.35849,0.84334,1.20695,0.0080134,0.0080134,0.0080134
303,2811.47,1.14131,0.75058,1.08515,0.82433,0.68748,0.77364,0.45031,1.35846,0.84101,1.20652,0.0080068,0.0080068,0.0080068
304,2820.77,1.13535,0.74483,1.0882,0.82539,0.68739,0.77375,0.44985,1.3608,0.8418,1.20815,0.0080002,0.0080002,0.0080002
305,2829.95,1.12901,0.74602,1.08181,0.82449,0.68754,0.77433,0.45039,1.36054,0.84159,1.20756,0.0079936,0.0079936,0.0079936
306,2839.14,1.14058,0.7477,1.0874,0.81604,0.69407,0.77525,0.44989,1.35925,0.84084,1.20542,0.007987,0.007987,0.007987
307,2848.31,1.14694,0.75084,1.08726,0.81562,0.69558,0.77623,0.45092,1.35879,0.84107,1.20577,0.0079804,0.0079804,0.0079804
308,2857.51,1.12672,0.74196,1.085,0.81582,0.69449,0.77506,0.45083,1.3573,0.84179,1.20555,0.0079738,0.0079738,0.0079738
309,2866.75,1.14362,0.74937,1.0851,0.81217,0.69649,0.77422,0.44999,1.35819,0.84343,1.20679,0.0079672,0.0079672,0.0079672
310,2875.91,1.1149,0.73563,1.08005,0.81162,0.69802,0.77433,0.45043,1.35883,0.84272,1.20756,0.0079606,0.0079606,0.0079606
311,2885.1,1.14163,0.75244,1.08913,0.82307,0.69014,0.77405,0.4502,1.35905,0.84484,1.20817,0.007954,0.007954,0.007954
312,2894.31,1.13769,0.74474,1.08076,0.82053,0.68963,0.77372,0.45104,1.35956,0.84733,1.2083,0.0079474,0.0079474,0.0079474
313,2903.5,1.13018,0.74829,1.08744,0.82226,0.68945,0.77523,0.45202,1.36042,0.8481,1.21003,0.0079408,0.0079408,0.0079408
314,2912.8,1.12822,0.73977,1.07987,0.82292,0.69031,0.77526,0.45148,1.36035,0.84793,1.21004,0.0079342,0.0079342,0.0079342
315,2921.99,1.12516,0.73738,1.07604,0.815,0.69592,0.77563,0.4513,1.35984,0.84881,1.20987,0.0079276,0.0079276,0.0079276
316,2931.14,1.11383,0.73738,1.08122,0.82201,0.68795,0.77562,0.45161,1.35795,0.84894,1.20892,0.007921,0.007921,0.007921
317,2940.35,1.14203,0.74325,1.08019,0.82993,0.68319,0.77634,0.45197,1.3562,0.84907,1.2076,0.0079144,0.0079144,0.0079144
318,2949.55,1.128,0.73765,1.08296,0.82278,0.68981,0.77794,0.4524,1.35556,0.84651,1.2071,0.0079078,0.0079078,0.0079078
319,2958.81,1.14914,0.74886,1.0851,0.816,0.69482,0.77786,0.45278,1.35366,0.84584,1.20538,0.0079012,0.0079012,0.0079012
320,2968.02,1.1269,0.73916,1.08319,0.81651,0.69191,0.77724,0.45231,1.35442,0.84509,1.20567,0.0078946,0.0078946,0.0078946
321,2977.28,1.12886,0.7458,1.08151,0.81619,0.69509,0.77828,0.45291,1.3524,0.84317,1.20423,0.007888,0.007888,0.007888
322,2986.51,1.11782,0.7299,1.07708,0.8244,0.69021,0.77826,0.45307,1.35121,0.84144,1.20324,0.0078814,0.0078814,0.0078814
323,2995.7,1.12167,0.73515,1.07746,0.82313,0.69278,0.77867,0.45375,1.34998,0.84249,1.20252,0.0078748,0.0078748,0.0078748
324,3004.99,1.1322,0.74557,1.08547,0.82042,0.69594,0.77793,0.45443,1.35089,0.84397,1.2028,0.0078682,0.0078682,0.0078682
325,3014.18,1.12988,0.74216,1.07666,0.8213,0.69336,0.77707,0.4541,1.35143,0.8444,1.20277,0.0078616,0.0078616,0.0078616
326,3023.37,1.13334,0.74246,1.07918,0.82345,0.69237,0.77769,0.45416,1.35032,0.84492,1.20233,0.007855,0.007855,0.007855
327,3032.56,1.12335,0.74028,1.07961,0.82177,0.69463,0.77794,0.45459,1.34864,0.84602,1.20131,0.0078484,0.0078484,0.0078484
328,3041.77,1.14029,0.73965,1.07687,0.82188,0.69601,0.77712,0.45399,1.34946,0.84548,1.20217,0.0078418,0.0078418,0.0078418
329,3051,1.13144,0.74336,1.08225,0.82678,0.69036,0.77719,0.45422,1.35107,0.84496,1.20339,0.0078352,0.0078352,0.0078352
330,3060.17,1.11086,0.73343,1.07445,0.8245,0.69283,0.77693,0.45376,1.35219,0.84615,1.20436,0.0078286,0.0078286,0.0078286
331,3069.38,1.13338,0.74068,1.0819,0.82152,0.69465,0.77739,0.45338,1.3525,0.84545,1.20458,0.007822,0.007822,0.007822
332,3078.54,1.11917,0.73283,1.07385,0.82772,0.69039,0.77766,0.45433,1.35149,0.84445,1.20389,0.0078154,0.0078154,0.0078154
333,3087.75,1.11338,0.73218,1.07839,0.82931,0.68967,0.7785,0.45426,1.35183,0.84381,1.20337,0.0078088,0.0078088,0.0078088
334,3097.08,1.1445,0.75035,1.0844,0.82038,0.69775,0.77862,0.45481,1.35141,0.84406,1.20373,0.0078022,0.0078022,0.0078022
335,3106.28,1.12545,0.73356,1.07586,0.83156,0.68662,0.77717,0.45362,1.35244,0.84489,1.20383,0.0077956,0.0077956,0.0077956
336,3115.49,1.12409,0.74,1.07447,0.83146,0.689,0.77835,0.4539,1.35242,0.84657,1.20276,0.007789,0.007789,0.007789
337,3124.69,1.12152,0.73697,1.07948,0.83485,0.68904,0.77848,0.45441,1.3518,0.84693,1.20242,0.0077824,0.0077824,0.0077824
338,3133.9,1.13004,0.73867,1.0768,0.83556,0.68907,0.77915,0.45505,1.35208,0.84534,1.20328,0.0077758,0.0077758,0.0077758
339,3143.16,1.13227,0.74009,1.07835,0.83046,0.69244,0.77955,0.4548,1.35247,0.84577,1.20319,0.0077692,0.0077692,0.0077692
340,3152.38,1.12773,0.73833,1.07904,0.83057,0.69221,0.77966,0.45526,1.3521,0.84491,1.20202,0.0077626,0.0077626,0.0077626
341,3161.59,1.1208,0.73529,1.07215,0.83161,0.6906,0.7798,0.45472,1.35323,0.84478,1.20118,0.007756,0.007756,0.007756
342,3170.78,1.10915,0.73504,1.08179,0.83001,0.69209,0.7803,0.45511,1.35239,0.84524,1.20015,0.0077494,0.0077494,0.0077494
343,3180.03,1.12816,0.73546,1.0754,0.82436,0.69553,0.78024,0.45585,1.35275,0.84581,1.20023,0.0077428,0.0077428,0.0077428
344,3189.28,1.12886,0.74511,1.07943,0.82338,0.69471,0.77956,0.45573,1.35254,0.84632,1.20047,0.0077362,0.0077362,0.0077362
345,3198.51,1.1252,0.73872,1.07683,0.82753,0.69254,0.77972,0.45557,1.35325,0.84651,1.20074,0.0077296,0.0077296,0.0077296
346,3207.68,1.12361,0.73839,1.08088,0.8198,0.69743,0.77993,0.45607,1.35336,0.84724,1.20085,0.007723,0.007723,0.007723
347,3216.93,1.1203,0.73361,1.07269,0.81693,0.69631,0.77908,0.45525,1.35348,0.84702,1.20137,0.0077164,0.0077164,0.0077164
348,3226.15,1.13059,0.73595,1.07719,0.81565,0.69775,0.77941,0.45501,1.35249,0.8462,1.2008,0.0077098,0.0077098,0.0077098
349,3235.38,1.12892,0.73899,1.07724,0.81864,0.6974,0.77941,0.45548,1.3518,0.8458,1.20079,0.0077032,0.0077032,0.0077032
350,3244.56,1.12121,0.7327,1.07698,0.81877,0.69802,0.78016,0.45542,1.35262,0.84555,1.20142,0.0076966,0.0076966,0.0076966
351,3253.74,1.12459,0.73785,1.07884,0.8186,0.69849,0.78058,0.45542,1.35406,0.8465,1.20188,0.00769,0.00769,0.00769
352,3262.98,1.12405,0.7397,1.07921,0.82102,0.69769,0.78144,0.45599,1.35469,0.84592,1.20222,0.0076834,0.0076834,0.0076834
353,3272.23,1.12583,0.739,1.07663,0.81757,0.70136,0.78157,0.45591,1.35456,0.84531,1.20195,0.0076768,0.0076768,0.0076768
354,3281.52,1.10906,0.72897,1.07314,0.81217,0.70374,0.78155,0.4563,1.35337,0.84637,1.20183,0.0076702,0.0076702,0.0076702
355,3290.72,1.12512,0.73312,1.07124,0.82127,0.69786,0.78154,0.45648,1.35275,0.84553,1.20081,0.0076636,0.0076636,0.0076636
356,3299.92,1.13357,0.7421,1.08377,0.82383,0.69773,0.78213,0.45717,1.35259,0.84493,1.20113,0.007657,0.007657,0.007657
357,3309.12,1.12287,0.73165,1.07317,0.82205,0.69831,0.7819,0.45698,1.35321,0.84539,1.20154,0.0076504,0.0076504,0.0076504
358,3318.24,1.11793,0.73032,1.07117,0.81848,0.69976,0.78144,0.45694,1.35325,0.84466,1.20122,0.0076438,0.0076438,0.0076438
359,3327.59,1.13006,0.73628,1.0763,0.82103,0.69949,0.78201,0.45726,1.35299,0.84454,1.20142,0.0076372,0.0076372,0.0076372
360,3336.79,1.11242,0.73175,1.07186,0.82102,0.6999,0.78147,0.45661,1.35326,0.84482,1.20125,0.0076306,0.0076306,0.0076306
361,3345.98,1.12133,0.73553,1.07968,0.81954,0.70054,0.78151,0.45623,1.35269,0.84427,1.20101,0.007624,0.007624,0.007624
362,3355.15,1.11542,0.72772,1.066,0.81856,0.69791,0.78082,0.45605,1.35217,0.84364,1.20085,0.0076174,0.0076174,0.0076174
363,3364.39,1.11022,0.72978,1.07193,0.819,0.70046,0.78066,0.4559,1.35039,0.8424,1.1997,0.0076108,0.0076108,0.0076108
364,3373.68,1.11833,0.73537,1.07254,0.81537,0.7023,0.78045,0.45637,1.35036,0.84176,1.19921,0.0076042,0.0076042,0.0076042
365,3382.87,1.11246,0.73156,1.07113,0.8141,0.70372,0.78105,0.45641,1.34882,0.84198,1.19869,0.0075976,0.0075976,0.0075976
366,3392.08,1.11707,0.73501,1.07332,0.81604,0.70158,0.78167,0.45647,1.34848,0.84137,1.1983,0.007591,0.007591,0.007591
367,3401.27,1.12433,0.73714,1.06928,0.81478,0.70391,0.78148,0.45662,1.34772,0.84217,1.19804,0.0075844,0.0075844,0.0075844
368,3410.47,1.12762,0.74107,1.07389,0.81533,0.70346,0.78158,0.45676,1.34802,0.8422,1.19825,0.0075778,0.0075778,0.0075778
369,3419.72,1.11518,0.73851,1.07336,0.81558,0.7049,0.7818,0.45638,1.34862,0.84216,1.19844,0.0075712,0.0075712,0.0075712
370,3428.92,1.1127,0.73667,1.07517,0.81356,0.70415,0.78183,0.45742,1.34714,0.84212,1.19814,0.0075646,0.0075646,0.0075646
371,3438.13,1.10201,0.71902,1.06258,0.81519,0.70249,0.78159,0.45743,1.34742,0.84134,1.198,0.007558,0.007558,0.007558
372,3447.35,1.10595,0.7286,1.07444,0.81683,0.70206,0.78154,0.45779,1.34681,0.8416,1.19713,0.0075514,0.0075514,0.0075514
373,3456.58,1.1095,0.72664,1.06913,0.8195,0.70116,0.78186,0.45793,1.3469,0.84195,1.19673,0.0075448,0.0075448,0.0075448
374,3465.87,1.11586,0.72959,1.07066,0.81924,0.69962,0.78127,0.45761,1.34661,0.84205,1.1964,0.0075382,0.0075382,0.0075382
375,3475.05,1.11637,0.72998,1.07267,0.81907,0.69973,0.781,0.45781,1.34646,0.84168,1.19604,0.0075316,0.0075316,0.0075316
376,3484.24,1.10765,0.72989,1.06921,0.81927,0.70114,0.78153,0.45747,1.34581,0.84106,1.19624,0.007525,0.007525,0.007525
377,3493.45,1.1153,0.7314,1.07172,0.81965,0.70241,0.7825,0.45753,1.34546,0.84059,1.196,0.0075184,0.0075184,0.0075184
378,3502.7,1.10584,0.7263,1.06392,0.8165,0.70343,0.78208,0.45777,1.345,0.83923,1.19577,0.0075118,0.0075118,0.0075118
379,3512,1.11897,0.72728,1.06991,0.81757,0.70287,0.78265,0.45782,1.34443,0.83964,1.19539,0.0075052,0.0075052,0.0075052
380,3521.19,1.1249,0.73211,1.07631,0.8172,0.70459,0.78266,0.45779,1.34367,0.83873,1.19486,0.0074986,0.0074986,0.0074986
381,3530.35,1.1095,0.72825,1.07262,0.8166,0.70715,0.78299,0.45802,1.34278,0.83888,1.19424,0.007492,0.007492,0.007492
382,3539.53,1.11521,0.73227,1.07045,0.81567,0.70709,0.78276,0.45836,1.34164,0.83851,1.19378,0.0074854,0.0074854,0.0074854
383,3548.72,1.10346,0.72338,1.06413,0.81796,0.70747,0.78361,0.458,1.34189,0.83865,1.19375,0.0074788,0.0074788,0.0074788
384,3558.03,1.10993,0.72275,1.06684,0.81686,0.7078,0.78364,0.45808,1.34137,0.83859,1.19362,0.0074722,0.0074722,0.0074722
385,3567.26,1.10145,0.72262,1.06486,0.81758,0.70747,0.78329,0.45801,1.34054,0.83878,1.19327,0.0074656,0.0074656,0.0074656
386,3576.47,1.09729,0.71967,1.06442,0.81785,0.70377,0.78258,0.45833,1.3405,0.83893,1.19338,0.007459,0.007459,0.007459
387,3585.67,1.11209,0.72585,1.07113,0.81677,0.70505,0.78255,0.45903,1.34038,0.83864,1.19335,0.0074524,0.0074524,0.0074524
388,3594.84,1.11419,0.73165,1.07075,0.81738,0.70382,0.78247,0.45878,1.33992,0.83793,1.19297,0.0074458,0.0074458,0.0074458
389,3604.08,1.10815,0.72483,1.06924,0.8175,0.70678,0.78334,0.45891,1.33918,0.83734,1.19224,0.0074392,0.0074392,0.0074392
390,3613.27,1.11202,0.72514,1.06499,0.81952,0.70566,0.78269,0.45918,1.33902,0.83681,1.19184,0.0074326,0.0074326,0.0074326
391,3622.43,1.11298,0.72775,1.0716,0.82048,0.70396,0.78189,0.45957,1.33905,0.83733,1.19172,0.007426,0.007426,0.007426
392,3631.63,1.10632,0.72302,1.06295,0.81917,0.70457,0.78192,0.45979,1.33861,0.83702,1.19113,0.0074194,0.0074194,0.0074194
393,3640.86,1.10575,0.72103,1.063,0.82078,0.70429,0.78189,0.45964,1.33866,0.83737,1.19106,0.0074128,0.0074128,0.0074128
394,3650.13,1.11898,0.73389,1.0714,0.81988,0.7031,0.78205,0.45939,1.33809,0.83717,1.19068,0.0074062,0.0074062,0.0074062
395,3659.37,1.11648,0.73183,1.06922,0.82366,0.70231,0.78305,0.45931,1.33852,0.83731,1.19052,0.0073996,0.0073996,0.0073996
396,3668.55,1.1128,0.733,1.07023,0.82409,0.70244,0.78233,0.45981,1.33813,0.83706,1.19049,0.007393,0.007393,0.007393
397,3677.77,1.10034,0.72162,1.06517,0.82385,0.70156,0.78201,0.45993,1.33794,0.83631,1.19039,0.0073864,0.0073864,0.0073864
398,3686.91,1.10932,0.72143,1.0657,0.82314,0.69994,0.78207,0.45976,1.33716,0.83558,1.18993,0.0073798,0.0073798,0.0073798
399,3696.2,1.09111,0.71558,1.05972,0.82101,0.70303,0.78269,0.4601,1.3369,0.83573,1.18999,0.0073732,0.0073732,0.0073732
400,3705.39,1.11205,0.72748,1.06945,0.82198,0.70264,0.78232,0.45997,1.33656,0.83487,1.1898,0.0073666,0.0073666,0.0073666
401,3714.58,1.10755,0.71841,1.06192,0.82315,0.70188,0.78293,0.46002,1.336,0.83466,1.18943,0.00736,0.00736,0.00736
402,3723.8,1.09461,0.71889,1.06375,0.82192,0.70056,0.78188,0.4592,1.33601,0.83414,1.18924,0.0073534,0.0073534,0.0073534
403,3732.98,1.10624,0.72197,1.06348,0.82383,0.70007,0.78179,0.46032,1.33571,0.83404,1.18877,0.0073468,0.0073468,0.0073468
404,3742.24,1.10091,0.72188,1.0664,0.82342,0.70134,0.78147,0.45986,1.33539,0.8339,1.1881,0.0073402,0.0073402,0.0073402
405,3751.47,1.09696,0.71564,1.06265,0.81998,0.70408,0.78162,0.45996,1.33452,0.83312,1.18802,0.0073336,0.0073336,0.0073336
406,3760.66,1.10198,0.72179,1.06536,0.82208,0.70334,0.78136,0.46015,1.33463,0.83279,1.18792,0.007327,0.007327,0.007327
407,3769.85,1.10901,0.72713,1.06918,0.82089,0.70415,0.78197,0.46038,1.33454,0.8327,1.18781,0.0073204,0.0073204,0.0073204
408,3779.05,1.12009,0.73308,1.07117,0.82223,0.70135,0.78132,0.46028,1.33438,0.83287,1.1878,0.0073138,0.0073138,0.0073138
409,3788.33,1.12386,0.73287,1.07197,0.82183,0.7012,0.78101,0.46042,1.33418,0.83239,1.18756,0.0073072,0.0073072,0.0073072
410,3797.47,1.11118,0.72648,1.06591,0.82277,0.70043,0.7814,0.46064,1.33408,0.83205,1.1874,0.0073006,0.0073006,0.0073006
411,3806.68,1.0991,0.72227,1.06246,0.82276,0.70163,0.78149,0.45999,1.33413,0.83142,1.18724,0.007294,0.007294,0.007294
412,3815.85,1.10901,0.72406,1.06536,0.82099,0.70116,0.78131,0.46012,1.33353,0.83118,1.187,0.0072874,0.0072874,0.0072874
413,3825.09,1.08894,0.71451,1.0586,0.82239,0.7008,0.78147,0.46064,1.33344,0.8311,1.18677,0.0072808,0.0072808,0.0072808
414,3834.35,1.10826,0.72591,1.07277,0.82187,0.70103,0.78122,0.46069,1.3333,0.83056,1.18688,0.0072742,0.0072742,0.0072742
415,3843.54,1.11098,0.72479,1.06102,0.82281,0.69995,0.78167,0.46082,1.33294,0.8304,1.18662,0.0072676,0.0072676,0.0072676
416,3852.75,1.10399,0.72324,1.06171,0.82315,0.70073,0.78207,0.46126,1.33264,0.83039,1.1866,0.007261,0.007261,0.007261
417,3861.96,1.09126,0.7146,1.05913,0.82335,0.69948,0.78195,0.46122,1.33266,0.83009,1.18644,0.0072544,0.0072544,0.0072544
418,3871.15,1.09902,0.72662,1.06765,0.82384,0.6986,0.78165,0.46105,1.33237,0.8302,1.18641,0.0072478,0.0072478,0.0072478
419,3880.45,1.10152,0.72074,1.0666,0.82537,0.69825,0.78215,0.46058,1.33287,0.83072,1.18657,0.0072412,0.0072412,0.0072412
420,3889.64,1.10882,0.72478,1.06772,0.82584,0.69883,0.78225,0.46047,1.33317,0.83026,1.18677,0.0072346,0.0072346,0.0072346
421,3898.84,1.10499,0.72383,1.06712,0.82618,0.69911,0.78255,0.46089,1.33224,0.83039,1.18649,0.007228,0.007228,0.007228
422,3908.04,1.10528,0.72537,1.06464,0.82532,0.69891,0.78256,0.46093,1.33236,0.83038,1.18657,0.0072214,0.0072214,0.0072214
423,3917.21,1.09743,0.71885,1.0606,0.82602,0.69925,0.78252,0.46084,1.33299,0.83066,1.18663,0.0072148,0.0072148,0.0072148
424,3926.5,1.10437,0.72062,1.06575,0.82716,0.69886,0.78305,0.46119,1.33288,0.83042,1.18678,0.0072082,0.0072082,0.0072082
425,3935.75,1.10364,0.71756,1.06326,0.82557,0.69914,0.78289,0.46096,1.3321,0.83077,1.18641,0.0072016,0.0072016,0.0072016
426,3944.92,1.0983,0.71653,1.06322,0.82687,0.69906,0.78282,0.46055,1.33188,0.83017,1.18619,0.007195,0.007195,0.007195
427,3954.13,1.10178,0.72223,1.06788,0.82673,0.69842,0.7831,0.46057,1.33234,0.83028,1.18602,0.0071884,0.0071884,0.0071884
428,3963.31,1.1006,0.71109,1.05604,0.8283,0.69818,0.78269,0.46079,1.33206,0.8301,1.18598,0.0071818,0.0071818,0.0071818
429,3972.61,1.09605,0.7178,1.06118,0.82721,0.69832,0.78225,0.46096,1.33146,0.83024,1.18573,0.0071752,0.0071752,0.0071752
430,3981.79,1.08894,0.7141,1.06249,0.82651,0.69934,0.78258,0.46091,1.33069,0.82957,1.18514,0.0071686,0.0071686,0.0071686
431,3990.97,1.11004,0.72745,1.06564,0.82702,0.69897,0.78304,0.46102,1.33057,0.82974,1.185,0.007162,0.007162,0.007162
432,4000.17,1.09325,0.71103,1.06288,0.82643,0.69976,0.78301,0.46077,1.33048,0.83011,1.18501,0.0071554,0.0071554,0.0071554
433,4009.37,1.10734,0.72505,1.06337,0.82682,0.69893,0.78267,0.46055,1.33011,0.82941,1.18454,0.0071488,0.0071488,0.0071488
434,4018.64,1.10839,0.72203,1.06511,0.8267,0.69928,0.78302,0.46072,1.32985,0.8293,1.1844,0.0071422,0.0071422,0.0071422
435,4027.8,1.0957,0.71772,1.06295,0.82504,0.69947,0.78285,0.46015,1.3301,0.82935,1.18413,0.0071356,0.0071356,0.0071356
436,4036.97,1.11263,0.72375,1.0673,0.8252,0.69945,0.78293,0.46035,1.32987,0.82915,1.18396,0.007129,0.007129,0.007129
437,4046.19,1.09967,0.72294,1.06366,0.82492,0.69966,0.78268,0.46051,1.32964,0.82953,1.18384,0.0071224,0.0071224,0.0071224
438,4055.39,1.10831,0.72335,1.06232,0.82325,0.70075,0.78267,0.46076,1.32921,0.82891,1.18355,0.0071158,0.0071158,0.0071158
439,4064.66,1.08757,0.71199,1.05841,0.82964,0.69737,0.78247,0.46076,1.32861,0.82897,1.18311,0.0071092,0.0071092,0.0071092
440,4073.86,1.10102,0.71756,1.06263,0.82863,0.69885,0.78348,0.46087,1.32866,0.82919,1.18309,0.0071026,0.0071026,0.0071026
441,4083.03,1.10785,0.72368,1.06208,0.82754,0.6992,0.78384,0.46107,1.32827,0.82958,1.183,0.007096,0.007096,0.007096
442,4092.24,1.09523,0.7189,1.06392,0.82828,0.69683,0.78345,0.46085,1.32843,0.82974,1.18303,0.0070894,0.0070894,0.0070894
443,4101.47,1.09636,0.71548,1.06244,0.82635,0.70018,0.7839,0.46102,1.3286,0.82912,1.1829,0.0070828,0.0070828,0.0070828
444,4110.75,1.098,0.71929,1.06009,0.83024,0.69733,0.78404,0.46117,1.3282,0.82942,1.18251,0.0070762,0.0070762,0.0070762
445,4119.94,1.0976,0.71444,1.05873,0.82917,0.69809,0.78416,0.46122,1.32801,0.82964,1.1823,0.0070696,0.0070696,0.0070696
446,4129.13,1.08373,0.70963,1.05827,0.82703,0.70018,0.78389,0.46117,1.32764,0.83009,1.18216,0.007063,0.007063,0.007063
447,4138.29,1.09986,0.72123,1.05764,0.82678,0.69831,0.78371,0.46108,1.3276,0.83034,1.1821,0.0070564,0.0070564,0.0070564
448,4147.47,1.09449,0.71865,1.06575,0.82717,0.69802,0.78348,0.46108,1.32756,0.83038,1.18229,0.0070498,0.0070498,0.0070498
449,4156.76,1.09686,0.71206,1.0607,0.82555,0.69936,0.78368,0.4607,1.32755,0.83018,1.18227,0.0070432,0.0070432,0.0070432
450,4165.97,1.10355,0.71744,1.06212,0.82483,0.69988,0.78373,0.46074,1.32698,0.82995,1.18186,0.0070366,0.0070366,0.0070366
451,4175.19,1.07079,0.69782,1.0509,0.82371,0.70105,0.78391,0.4613,1.32731,0.83019,1.18213,0.00703,0.00703,0.00703
452,4184.42,1.10435,0.7234,1.06601,0.82501,0.70063,0.78429,0.46126,1.32767,0.8302,1.18244,0.0070234,0.0070234,0.0070234
453,4193.59,1.09029,0.71346,1.05732,0.82361,0.70097,0.78397,0.46114,1.327,0.83037,1.18212,0.0070168,0.0070168,0.0070168
454,4202.93,1.1004,0.71852,1.06353,0.82671,0.69856,0.7836,0.46104,1.32667,0.83057,1.18201,0.0070102,0.0070102,0.0070102
455,4212.12,1.08802,0.71268,1.05673,0.8274,0.69957,0.78453,0.46137,1.32666,0.83035,1.18211,0.0070036,0.0070036,0.0070036
456,4221.3,1.10295,0.72286,1.06138,0.82402,0.70074,0.78398,0.46143,1.32649,0.8299,1.18193,0.006997,0.006997,0.006997
457,4230.72,1.08631,0.71182,1.05874,0.82682,0.70109,0.78471,0.4616,1.32684,0.82989,1.18211,0.0069904,0.0069904,0.0069904
458,4239.99,1.09385,0.71823,1.06365,0.8248,0.70081,0.78416,0.46119,1.32657,0.83058,1.18188,0.0069838,0.0069838,0.0069838
459,4249.26,1.08361,0.7068,1.05632,0.82608,0.70055,0.78398,0.4613,1.32727,0.83057,1.18225,0.0069772,0.0069772,0.0069772
460,4258.43,1.09801,0.71576,1.05788,0.8263,0.6994,0.7837,0.46133,1.32683,0.83038,1.1821,0.0069706,0.0069706,0.0069706
461,4267.59,1.07493,0.70435,1.05412,0.8264,0.6997,0.78345,0.4614,1.32699,0.83054,1.18235,0.006964,0.006964,0.006964
462,4276.77,1.10173,0.71412,1.05749,0.82706,0.6999,0.7839,0.46155,1.3271,0.83016,1.18224,0.0069574,0.0069574,0.0069574
463,4285.95,1.09641,0.71615,1.05516,0.82742,0.69869,0.78464,0.46151,1.32703,0.8304,1.18227,0.0069508,0.0069508,0.0069508
464,4295.18,1.09375,0.71383,1.05883,0.83314,0.69589,0.78444,0.46152,1.32712,0.83091,1.18239,0.0069442,0.0069442,0.0069442
465,4304.34,1.1018,0.72285,1.06025,0.83079,0.69652,0.78417,0.46222,1.32759,0.83124,1.18253,0.0069376,0.0069376,0.0069376
466,4313.51,1.10044,0.7192,1.05984,0.82827,0.69937,0.78476,0.46197,1.3276,0.83085,1.18239,0.006931,0.006931,0.006931
467,4322.73,1.09436,0.71731,1.05716,0.83053,0.69613,0.7841,0.46177,1.32772,0.83143,1.18235,0.0069244,0.0069244,0.0069244
468,4331.87,1.08158,0.70739,1.05219,0.83191,0.69655,0.7845,0.46172,1.32771,0.83188,1.18227,0.0069178,0.0069178,0.0069178
469,4341.12,1.09557,0.71559,1.06224,0.82472,0.69983,0.78359,0.46161,1.32825,0.83193,1.18249,0.0069112,0.0069112,0.0069112
470,4350.31,1.08085,0.7115,1.05858,0.82534,0.70025,0.78382,0.46151,1.3283,0.83172,1.18242,0.0069046,0.0069046,0.0069046
471,4359.49,1.09732,0.7173,1.05993,0.82693,0.7009,0.78392,0.46156,1.3283,0.83186,1.18247,0.006898,0.006898,0.006898
472,4368.67,1.0873,0.71371,1.0615,0.82688,0.70155,0.78429,0.46166,1.32794,0.83197,1.18233,0.0068914,0.0068914,0.0068914
473,4377.84,1.09939,0.71438,1.05345,0.82627,0.70034,0.78364,0.46196,1.32865,0.83211,1.18265,0.0068848,0.0068848,0.0068848
474,4387.13,1.0842,0.71026,1.05123,0.8277,0.69829,0.78331,0.46129,1.32864,0.8323,1.18243,0.0068782,0.0068782,0.0068782
475,4396.29,1.09726,0.72098,1.05835,0.82848,0.69958,0.78356,0.46147,1.32894,0.83254,1.18234,0.0068716,0.0068716,0.0068716
476,4405.5,1.08106,0.70837,1.0557,0.82878,0.69881,0.78354,0.46142,1.32897,0.83216,1.18226,0.006865,0.006865,0.006865
477,4414.71,1.07957,0.70597,1.05652,0.82941,0.69855,0.78333,0.46134,1.32918,0.83268,1.18238,0.0068584,0.0068584,0.0068584
478,4424.01,1.09165,0.71145,1.05866,0.82822,0.69945,0.78327,0.46146,1.3293,0.83316,1.18262,0.0068518,0.0068518,0.0068518
479,4433.19,1.08398,0.70687,1.05221,0.82838,0.69906,0.78286,0.46121,1.32967,0.8336,1.18284,0.0068452,0.0068452,0.0068452
480,4442.37,1.08294,0.71216,1.05642,0.82822,0.69955,0.78291,0.46143,1.32949,0.83366,1.18261,0.0068386,0.0068386,0.0068386
481,4451.57,1.09368,0.70963,1.05471,0.8279,0.69793,0.78263,0.46112,1.32936,0.83329,1.18244,0.006832,0.006832,0.006832
482,4460.78,1.08419,0.71038,1.05494,0.82703,0.70039,0.78297,0.46124,1.32953,0.83307,1.18268,0.0068254,0.0068254,0.0068254
483,4470.05,1.08212,0.70628,1.0488,0.82627,0.70051,0.78276,0.46158,1.32967,0.83303,1.18271,0.0068188,0.0068188,0.0068188
484,4479.22,1.08526,0.70886,1.05431,0.82731,0.69959,0.78276,0.46148,1.3295,0.83312,1.1826,0.0068122,0.0068122,0.0068122
485,4488.41,1.10551,0.71982,1.05945,0.8258,0.69923,0.7826,0.46155,1.32992,0.83313,1.18283,0.0068056,0.0068056,0.0068056
486,4497.56,1.08136,0.70709,1.05086,0.82668,0.6991,0.78237,0.46167,1.32949,0.83332,1.18267,0.006799,0.006799,0.006799
487,4506.76,1.07903,0.70505,1.05084,0.82736,0.69903,0.78278,0.46166,1.32986,0.83361,1.18274,0.0067924,0.0067924,0.0067924
488,4516.05,1.09306,0.71914,1.05824,0.82662,0.69951,0.78273,0.46169,1.32992,0.83347,1.18271,0.0067858,0.0067858,0.0067858
489,4525.25,1.08155,0.71001,1.05588,0.8248,0.69974,0.78255,0.46205,1.33039,0.83324,1.18302,0.0067792,0.0067792,0.0067792
490,4534.48,1.08719,0.70797,1.04953,0.82683,0.69895,0.78224,0.46184,1.33042,0.83358,1.18312,0.0067726,0.0067726,0.0067726
491,4543.68,1.07866,0.70855,1.05479,0.82449,0.70011,0.78222,0.46149,1.33081,0.8341,1.18306,0.006766,0.006766,0.006766
492,4552.83,1.09171,0.70973,1.05608,0.8246,0.70177,0.78186,0.46092,1.33058,0.83474,1.18318,0.0067594,0.0067594,0.0067594
493,4562.11,1.09176,0.71144,1.0561,0.82646,0.70147,0.78203,0.4614,1.33042,0.83465,1.18302,0.0067528,0.0067528,0.0067528
494,4571.24,1.09623,0.71313,1.05442,0.8248,0.7009,0.78151,0.46146,1.33033,0.83463,1.183,0.0067462,0.0067462,0.0067462
495,4580.42,1.0887,0.70552,1.05267,0.82427,0.70078,0.78137,0.46128,1.33043,0.83476,1.18308,0.0067396,0.0067396,0.0067396
496,4589.61,1.081,0.70826,1.0521,0.82486,0.69942,0.78133,0.46112,1.33066,0.83461,1.18317,0.006733,0.006733,0.006733
497,4598.8,1.07697,0.70947,1.06048,0.82545,0.69992,0.78146,0.46161,1.33064,0.83465,1.18331,0.0067264,0.0067264,0.0067264
498,4608.02,1.09208,0.70864,1.05588,0.8263,0.69802,0.78079,0.46087,1.33123,0.83479,1.18332,0.0067198,0.0067198,0.0067198
499,4617.2,1.09152,0.71283,1.05235,0.82616,0.69775,0.78079,0.46128,1.33087,0.83467,1.18312,0.0067132,0.0067132,0.0067132
500,4626.38,1.08414,0.71165,1.05711,0.82584,0.69823,0.78083,0.46112,1.33101,0.83469,1.18328,0.0067066,0.0067066,0.0067066
501,4635.57,1.10764,0.71921,1.06011,0.82687,0.69712,0.78095,0.46146,1.33133,0.83544,1.1835,0.0067,0.0067,0.0067
502,4644.75,1.0843,0.7069,1.05041,0.82631,0.69677,0.78067,0.46119,1.33138,0.83565,1.18374,0.0066934,0.0066934,0.0066934
503,4654.01,1.07104,0.69952,1.04505,0.82791,0.6969,0.78072,0.46168,1.3318,0.83587,1.1842,0.0066868,0.0066868,0.0066868
504,4663.23,1.08514,0.70853,1.05054,0.82815,0.69697,0.78104,0.46105,1.33194,0.83575,1.18435,0.0066802,0.0066802,0.0066802
505,4672.55,1.09247,0.71075,1.0495,0.82728,0.69739,0.78086,0.46142,1.33176,0.8356,1.18413,0.0066736,0.0066736,0.0066736
506,4681.72,1.07621,0.70296,1.04902,0.8284,0.69728,0.78162,0.4613,1.3319,0.83551,1.18446,0.006667,0.006667,0.006667
507,4690.87,1.07216,0.70075,1.04579,0.82721,0.69672,0.78103,0.46075,1.33195,0.83518,1.18448,0.0066604,0.0066604,0.0066604
508,4700.14,1.08098,0.70175,1.04885,0.82839,0.69633,0.78111,0.46055,1.33231,0.83558,1.18485,0.0066538,0.0066538,0.0066538
509,4709.33,1.09583,0.7165,1.05637,0.82821,0.69556,0.78101,0.46071,1.33246,0.83519,1.18495,0.0066472,0.0066472,0.0066472
510,4718.51,1.0846,0.71124,1.05375,0.82804,0.69487,0.78079,0.46029,1.33293,0.83576,1.18526,0.0066406,0.0066406,0.0066406
511,4727.66,1.09026,0.70558,1.0508,0.82807,0.69452,0.78087,0.46007,1.33314,0.8358,1.18522,0.006634,0.006634,0.006634
512,4736.83,1.08586,0.70326,1.05179,0.83015,0.69199,0.78022,0.45968,1.33328,0.83652,1.18541,0.0066274,0.0066274,0.0066274
513,4746.1,1.08304,0.71037,1.05699,0.83084,0.69253,0.78094,0.45988,1.33331,0.83601,1.18529,0.0066208,0.0066208,0.0066208
514,4755.26,1.07567,0.70291,1.04889,0.8291,0.69237,0.78059,0.45988,1.33328,0.83621,1.18542,0.0066142,0.0066142,0.0066142
515,4764.44,1.08869,0.71505,1.05789,0.82867,0.69184,0.78016,0.4597,1.33344,0.83629,1.1853,0.0066076,0.0066076,0.0066076
516,4773.65,1.06776,0.6988,1.05079,0.82746,0.69203,0.78021,0.45966,1.33369,0.83642,1.18538,0.006601,0.006601,0.006601
517,4782.86,1.09181,0.71113,1.0553,0.82732,0.69181,0.7803,0.4594,1.33339,0.83637,1.18526,0.0065944,0.0065944,0.0065944
518,4792.1,1.08922,0.71364,1.05827,0.82694,0.69218,0.78022,0.45958,1.33284,0.83583,1.18511,0.0065878,0.0065878,0.0065878
519,4801.3,1.0691,0.70552,1.05299,0.82705,0.69211,0.78037,0.45973,1.33282,0.83581,1.18508,0.0065812,0.0065812,0.0065812
520,4810.45,1.08697,0.7115,1.05155,0.8264,0.69193,0.78008,0.45911,1.33272,0.83566,1.18506,0.0065746,0.0065746,0.0065746
521,4819.64,1.07684,0.7104,1.05482,0.82518,0.69295,0.78016,0.45907,1.33284,0.83546,1.18504,0.006568,0.006568,0.006568
522,4828.83,1.07667,0.70179,1.05307,0.82577,0.69291,0.78076,0.45924,1.33282,0.83515,1.18498,0.0065614,0.0065614,0.0065614
523,4838.12,1.0826,0.70874,1.05141,0.82686,0.69384,0.78078,0.4591,1.33246,0.83493,1.18472,0.0065548,0.0065548,0.0065548
524,4847.3,1.09155,0.70777,1.04835,0.82711,0.69304,0.78061,0.45907,1.33261,0.83479,1.1848,0.0065482,0.0065482,0.0065482
525,4856.49,1.07072,0.70252,1.04974,0.82624,0.69259,0.78008,0.45916,1.33284,0.83479,1.18513,0.0065416,0.0065416,0.0065416
526,4865.65,1.0703,0.70444,1.04838,0.82781,0.69244,0.78046,0.45951,1.33297,0.83485,1.18496,0.006535,0.006535,0.006535
527,4874.86,1.09156,0.70889,1.05428,0.82655,0.69386,0.78037,0.45916,1.33302,0.83466,1.18503,0.0065284,0.0065284,0.0065284
528,4884.17,1.07385,0.70152,1.04943,0.82643,0.69409,0.78039,0.45944,1.3332,0.8344,1.18509,0.0065218,0.0065218,0.0065218
529,4893.4,1.0796,0.70345,1.04836,0.82622,0.69408,0.78018,0.45936,1.33292,0.83384,1.18479,0.0065152,0.0065152,0.0065152
530,4902.54,1.08463,0.70713,1.05124,0.82539,0.69316,0.78016,0.45941,1.33237,0.83383,1.18464,0.0065086,0.0065086,0.0065086
531,4911.73,1.06626,0.69691,1.044,0.82617,0.69315,0.7803,0.45961,1.33273,0.83379,1.18468,0.006502,0.006502,0.006502
532,4920.91,1.08476,0.70999,1.05561,0.8264,0.69131,0.78017,0.45926,1.33246,0.83378,1.18457,0.0064954,0.0064954,0.0064954
533,4930.19,1.06875,0.7,1.0487,0.82686,0.69188,0.78016,0.45912,1.33266,0.83378,1.18455,0.0064888,0.0064888,0.0064888
534,4939.37,1.08497,0.70456,1.04964,0.82739,0.69166,0.78049,0.45958,1.33266,0.83386,1.1845,0.0064822,0.0064822,0.0064822
535,4948.59,1.08274,0.70563,1.05135,0.82648,0.69239,0.78032,0.45963,1.33272,0.83414,1.1846,0.0064756,0.0064756,0.0064756
536,4957.76,1.08811,0.7095,1.04622,0.8264,0.69202,0.77994,0.45925,1.33286,0.83438,1.18475,0.006469,0.006469,0.006469
537,4966.92,1.08144,0.70226,1.04334,0.82556,0.69464,0.78034,0.45889,1.33292,0.83408,1.18475,0.0064624,0.0064624,0.0064624
538,4976.2,1.08287,0.70329,1.04646,0.82541,0.69504,0.78096,0.45926,1.33331,0.83415,1.18475,0.0064558,0.0064558,0.0064558
539,4985.4,1.07775,0.70163,1.04958,0.82483,0.69596,0.78038,0.4592,1.33337,0.83393,1.18482,0.0064492,0.0064492,0.0064492
540,4994.57,1.09471,0.7075,1.05181,0.82475,0.69751,0.78078,0.4593,1.33322,0.83391,1.18467,0.0064426,0.0064426,0.0064426
541,5003.74,1.08911,0.70916,1.05436,0.82573,0.69434,0.78104,0.45919,1.33356,0.83406,1.18476,0.006436,0.006436,0.006436
542,5012.93,1.06564,0.69339,1.04778,0.82574,0.69578,0.78092,0.4593,1.33349,0.83387,1.18486,0.0064294,0.0064294,0.0064294
543,5022.21,1.08195,0.7067,1.04904,0.82514,0.69789,0.7812,0.45965,1.33351,0.83389,1.1848,0.0064228,0.0064228,0.0064228
544,5031.42,1.07391,0.70104,1.04951,0.82507,0.69698,0.78132,0.45996,1.33354,0.83385,1.1848,0.0064162,0.0064162,0.0064162
545,5040.63,1.07371,0.70132,1.04893,0.82366,0.69696,0.78063,0.45969,1.33361,0.83393,1.18502,0.0064096,0.0064096,0.0064096
546,5049.85,1.07363,0.7032,1.04974,0.82152,0.69724,0.7807,0.45974,1.33346,0.83411,1.1849,0.006403,0.006403,0.006403
547,5059.04,1.0828,0.70482,1.04749,0.82278,0.69764,0.78065,0.45969,1.33333,0.83417,1.18491,0.0063964,0.0063964,0.0063964
548,5068.34,1.06451,0.69815,1.04991,0.8222,0.69787,0.78099,0.45988,1.33363,0.83417,1.18504,0.0063898,0.0063898,0.0063898
549,5077.52,1.05766,0.69544,1.04647,0.82204,0.6987,0.78126,0.45968,1.33419,0.83457,1.18554,0.0063832,0.0063832,0.0063832
550,5086.71,1.08298,0.70527,1.04742,0.81978,0.69974,0.78073,0.45961,1.33447,0.83461,1.18556,0.0063766,0.0063766,0.0063766
551,5095.89,1.067,0.69689,1.0469,0.82241,0.6988,0.78105,0.45949,1.33472,0.8347,1.18546,0.00637,0.00637,0.00637
552,5105.07,1.068,0.69782,1.04693,0.82219,0.69825,0.78048,0.45927,1.33488,0.83476,1.18569,0.0063634,0.0063634,0.0063634
553,5114.32,1.06526,0.6942,1.04578,0.82201,0.69725,0.78085,0.45945,1.33492,0.83471,1.18583,0.0063568,0.0063568,0.0063568
554,5123.48,1.07731,0.70531,1.05219,0.82109,0.70076,0.78086,0.45895,1.33508,0.83479,1.18598,0.0063502,0.0063502,0.0063502
555,5132.71,1.07761,0.70057,1.04835,0.81881,0.70067,0.78067,0.45887,1.33535,0.83516,1.18602,0.0063436,0.0063436,0.0063436
556,5141.89,1.05821,0.69783,1.04373,0.81762,0.70153,0.78078,0.45898,1.33589,0.83536,1.18624,0.006337,0.006337,0.006337
557,5151.09,1.06909,0.7048,1.04675,0.81998,0.69902,0.78056,0.45859,1.33653,0.83559,1.18653,0.0063304,0.0063304,0.0063304
558,5160.31,1.07228,0.69856,1.04643,0.81881,0.69975,0.77993,0.45828,1.33702,0.83555,1.18684,0.0063238,0.0063238,0.0063238
559,5169.49,1.06619,0.69971,1.04691,0.81853,0.70026,0.77983,0.45842,1.33722,0.83553,1.18681,0.0063172,0.0063172,0.0063172
560,5178.67,1.06847,0.6997,1.04807,0.81786,0.6996,0.77976,0.45804,1.33728,0.83593,1.18678,0.0063106,0.0063106,0.0063106
561,5187.86,1.07192,0.69823,1.04612,0.81668,0.70068,0.77977,0.4583,1.33722,0.83599,1.18653,0.006304,0.006304,0.006304
562,5197.1,1.07336,0.69602,1.04376,0.81577,0.70041,0.77976,0.45862,1.33751,0.83608,1.18678,0.0062974,0.0062974,0.0062974
563,5206.39,1.08156,0.7085,1.05344,0.81597,0.70071,0.77924,0.45838,1.33781,0.83563,1.18671,0.0062908,0.0062908,0.0062908
564,5215.57,1.0709,0.70222,1.05039,0.81569,0.70147,0.77965,0.4582,1.33773,0.83598,1.18686,0.0062842,0.0062842,0.0062842
565,5224.74,1.07177,0.70357,1.04942,0.81935,0.69845,0.77865,0.45814,1.33806,0.83609,1.18722,0.0062776,0.0062776,0.0062776
566,5233.9,1.08974,0.70709,1.05388,0.82035,0.69647,0.7786,0.45812,1.33848,0.83657,1.18752,0.006271,0.006271,0.006271
567,5243.1,1.07473,0.70195,1.04804,0.81983,0.69642,0.77885,0.45789,1.33899,0.83663,1.18774,0.0062644,0.0062644,0.0062644
568,5252.41,1.08207,0.7062,1.05177,0.81889,0.69737,0.77877,0.45764,1.33929,0.83702,1.18798,0.0062578,0.0062578,0.0062578
569,5261.59,1.07301,0.69889,1.0438,0.81985,0.69699,0.77862,0.45768,1.33935,0.83728,1.18806,0.0062512,0.0062512,0.0062512
570,5270.73,1.06452,0.69407,1.04538,0.81473,0.69885,0.77854,0.45727,1.33976,0.83769,1.18832,0.0062446,0.0062446,0.0062446
571,5279.9,1.08211,0.70446,1.05243,0.81342,0.69996,0.77918,0.45746,1.34015,0.8381,1.18852,0.006238,0.006238,0.006238
572,5289.06,1.06048,0.68932,1.0427,0.81427,0.70052,0.77914,0.45742,1.34023,0.83796,1.18853,0.0062314,0.0062314,0.0062314
573,5298.34,1.06969,0.69674,1.04637,0.81444,0.70005,0.77866,0.45696,1.34028,0.83789,1.18862,0.0062248,0.0062248,0.0062248
574,5307.52,1.07181,0.69922,1.03996,0.81703,0.6979,0.77863,0.45687,1.34024,0.83766,1.18838,0.0062182,0.0062182,0.0062182
575,5316.71,1.04795,0.68566,1.03984,0.81504,0.70043,0.7787,0.45674,1.34032,0.83782,1.18848,0.0062116,0.0062116,0.0062116
576,5325.89,1.06578,0.69557,1.03991,0.81465,0.69957,0.778,0.45661,1.34062,0.83817,1.18856,0.006205,0.006205,0.006205
577,5335.08,1.07859,0.7024,1.04758,0.81487,0.69912,0.77802,0.45645,1.34056,0.83812,1.18872,0.0061984,0.0061984,0.0061984
578,5344.37,1.07698,0.70248,1.04661,0.81778,0.69701,0.77779,0.45646,1.34074,0.83845,1.18893,0.0061918,0.0061918,0.0061918
579,5353.58,1.06843,0.69171,1.04617,0.81479,0.69851,0.7772,0.45643,1.34118,0.83847,1.18913,0.0061852,0.0061852,0.0061852
580,5362.71,1.05808,0.69393,1.04312,0.81689,0.69801,0.77836,0.45658,1.34097,0.8383,1.1892,0.0061786,0.0061786,0.0061786
581,5371.9,1.07765,0.70435,1.05008,0.81581,0.69834,0.77808,0.45656,1.34143,0.83869,1.18938,0.006172,0.006172,0.006172
582,5381.14,1.07058,0.69219,1.04328,0.82254,0.69127,0.77842,0.45645,1.34171,0.83858,1.18948,0.0061654,0.0061654,0.0061654
583,5390.41,1.07695,0.69864,1.04364,0.81546,0.69832,0.7786,0.45626,1.34183,0.83845,1.18982,0.0061588,0.0061588,0.0061588
584,5399.53,1.06703,0.69121,1.04176,0.82581,0.68988,0.77835,0.45611,1.34203,0.83902,1.18996,0.0061522,0.0061522,0.0061522
585,5408.71,1.07304,0.69574,1.04409,0.82569,0.6892,0.77814,0.45614,1.34266,0.83921,1.19029,0.0061456,0.0061456,0.0061456
586,5417.88,1.08146,0.70303,1.04683,0.82596,0.68883,0.778,0.45615,1.34279,0.83927,1.19032,0.006139,0.006139,0.006139
587,5427.09,1.05464,0.69339,1.04203,0.82574,0.68787,0.77774,0.45586,1.34317,0.83959,1.19055,0.0061324,0.0061324,0.0061324
588,5436.36,1.072,0.6986,1.04432,0.82389,0.68973,0.77817,0.45597,1.34321,0.83957,1.19062,0.0061258,0.0061258,0.0061258
589,5445.53,1.06073,0.68982,1.03902,0.82472,0.68899,0.77796,0.45598,1.34345,0.83991,1.19087,0.0061192,0.0061192,0.0061192
590,5454.68,1.06898,0.69951,1.0462,0.82402,0.68906,0.77789,0.4558,1.34344,0.8398,1.19102,0.0061126,0.0061126,0.0061126
591,5463.86,1.06872,0.69467,1.04139,0.82398,0.69024,0.77745,0.45578,1.34366,0.84019,1.19113,0.006106,0.006106,0.006106
592,5473.06,1.07055,0.69806,1.04618,0.82351,0.68907,0.7775,0.4558,1.34399,0.84069,1.19108,0.0060994,0.0060994,0.0060994
593,5482.3,1.08069,0.70749,1.05022,0.82335,0.68986,0.77843,0.45568,1.34382,0.84033,1.19097,0.0060928,0.0060928,0.0060928
594,5491.49,1.07352,0.70412,1.04747,0.82187,0.69121,0.77782,0.45551,1.34434,0.8406,1.19127,0.0060862,0.0060862,0.0060862
595,5500.68,1.05218,0.69107,1.04075,0.82227,0.6905,0.77748,0.45513,1.3445,0.84051,1.19139,0.0060796,0.0060796,0.0060796
596,5509.81,1.06925,0.69895,1.0475,0.82256,0.69086,0.77788,0.45518,1.34474,0.84053,1.1915,0.006073,0.006073,0.006073
597,5518.98,1.07608,0.70226,1.04407,0.8202,0.69179,0.77754,0.45478,1.34506,0.84059,1.19159,0.0060664,0.0060664,0.0060664
598,5528.29,1.07561,0.70149,1.04465,0.82208,0.69025,0.77735,0.4549,1.34525,0.84062,1.1916,0.0060598,0.0060598,0.0060598
599,5537.46,1.06148,0.6903,1.04026,0.82195,0.6904,0.77805,0.45458,1.34507,0.84017,1.19166,0.0060532,0.0060532,0.0060532
600,5546.68,1.06814,0.69245,1.04076,0.82264,0.68979,0.77803,0.4547,1.34501,0.8402,1.19161,0.0060466,0.0060466,0.0060466
601,5555.88,1.07311,0.70386,1.04547,0.82138,0.69039,0.77805,0.45515,1.34529,0.84044,1.19171,0.00604,0.00604,0.00604
602,5565.19,1.07935,0.70302,1.04732,0.82074,0.68969,0.77806,0.45503,1.34525,0.83974,1.19151,0.0060334,0.0060334,0.0060334
603,5574.35,1.07245,0.70096,1.04972,0.82167,0.68875,0.77808,0.45478,1.34546,0.84012,1.19172,0.0060268,0.0060268,0.0060268
604,5583.53,1.05652,0.69285,1.03893,0.82178,0.68787,0.77789,0.45459,1.345,0.83992,1.1916,0.0060202,0.0060202,0.0060202
605,5592.67,1.0679,0.69379,1.04204,0.8219,0.68801,0.7777,0.45467,1.34512,0.83983,1.19177,0.0060136,0.0060136,0.0060136
606,5601.85,1.05666,0.68846,1.03947,0.8214,0.68874,0.77789,0.45443,1.34552,0.83985,1.19201,0.006007,0.006007,0.006007
607,5611.17,1.06443,0.69107,1.04202,0.82064,0.68771,0.77708,0.45422,1.34544,0.84,1.19189,0.0060004,0.0060004,0.0060004
608,5620.35,1.0476,0.68426,1.04352,0.8206,0.6881,0.77719,0.45402,1.34578,0.83993,1.1922,0.0059938,0.0059938,0.0059938
609,5629.6,1.05758,0.6917,1.04088,0.82068,0.68916,0.77733,0.45375,1.34606,0.84013,1.19245,0.0059872,0.0059872,0.0059872
610,5638.76,1.06746,0.69333,1.04494,0.82139,0.68753,0.77701,0.45391,1.34607,0.84007,1.19237,0.0059806,0.0059806,0.0059806
611,5647.94,1.06941,0.69526,1.0421,0.81801,0.68964,0.77685,0.45388,1.34611,0.84028,1.19245,0.005974,0.005974,0.005974
612,5657.19,1.0632,0.70049,1.0445,0.81907,0.68911,0.77663,0.45375,1.34602,0.83999,1.19222,0.0059674,0.0059674,0.0059674
613,5666.36,1.05573,0.69035,1.03649,0.8179,0.68928,0.77668,0.45349,1.34596,0.84023,1.1923,0.0059608,0.0059608,0.0059608
614,5675.56,1.06321,0.69585,1.04692,0.81957,0.68832,0.77621,0.45331,1.34597,0.83995,1.19244,0.0059542,0.0059542,0.0059542
615,5684.71,1.05846,0.68775,1.04183,0.81963,0.6886,0.77625,0.45357,1.34618,0.84019,1.1925,0.0059476,0.0059476,0.0059476
616,5693.87,1.06474,0.69403,1.0374,0.82123,0.68866,0.77636,0.45352,1.34653,0.84052,1.19269,0.005941,0.005941,0.005941
617,5703.13,1.04911,0.68627,1.03592,0.81816,0.68984,0.7759,0.45335,1.34658,0.84055,1.19266,0.0059344,0.0059344,0.0059344
618,5712.29,1.06768,0.69634,1.04724,0.81774,0.68976,0.77605,0.45297,1.34632,0.84076,1.19271,0.0059278,0.0059278,0.0059278
619,5721.48,1.07271,0.70092,1.05036,0.81717,0.68962,0.77595,0.45276,1.34634,0.84071,1.19248,0.0059212,0.0059212,0.0059212
620,5730.66,1.07729,0.70293,1.05209,0.81636,0.68879,0.77527,0.45257,1.34668,0.84072,1.19281,0.0059146,0.0059146,0.0059146
621,5739.86,1.07458,0.70084,1.04436,0.81479,0.69088,0.77549,0.45263,1.34661,0.84086,1.19269,0.005908,0.005908,0.005908
622,5749.12,1.04843,0.68554,1.03537,0.8139,0.69105,0.7755,0.45235,1.34662,0.8408,1.19257,0.0059014,0.0059014,0.0059014
623,5758.3,1.08156,0.70161,1.04639,0.81342,0.69071,0.77537,0.45246,1.34675,0.84062,1.19291,0.0058948,0.0058948,0.0058948
624,5767.46,1.05285,0.68578,1.04064,0.8144,0.6905,0.77517,0.45265,1.34692,0.84093,1.19294,0.0058882,0.0058882,0.0058882
625,5776.67,1.05335,0.68726,1.03745,0.8167,0.6884,0.77529,0.45264,1.34748,0.84088,1.19324,0.0058816,0.0058816,0.0058816
626,5785.88,1.07291,0.69865,1.04561,0.81667,0.68854,0.77517,0.45279,1.34745,0.84142,1.19308,0.005875,0.005875,0.005875
627,5795.18,1.05884,0.69091,1.03951,0.81732,0.68846,0.77513,0.45232,1.34764,0.84151,1.19337,0.0058684,0.0058684,0.0058684
628,5804.31,1.06313,0.69063,1.04022,0.8178,0.68841,0.7751,0.45253,1.34781,0.84168,1.19355,0.0058618,0.0058618,0.0058618
629,5813.49,1.05711,0.69157,1.0433,0.81849,0.68554,0.77492,0.45219,1.34799,0.84193,1.19364,0.0058552,0.0058552,0.0058552
630,5822.67,1.06936,0.69282,1.04161,0.81885,0.68556,0.77458,0.45231,1.34844,0.84246,1.194,0.0058486,0.0058486,0.0058486
631,5831.82,1.07121,0.69994,1.04159,0.81784,0.68756,0.7747,0.4518,1.34877,0.84186,1.19402,0.005842,0.005842,0.005842
632,5841.09,1.0398,0.67923,1.03526,0.8191,0.68663,0.77491,0.45159,1.34932,0.84213,1.19402,0.0058354,0.0058354,0.0058354
633,5850.28,1.0521,0.68803,1.04195,0.8194,0.68675,0.77496,0.45147,1.34885,0.84235,1.19421,0.0058288,0.0058288,0.0058288
634,5859.44,1.04967,0.68461,1.04161,0.8192,0.68611,0.77497,0.45157,1.34935,0.84248,1.19404,0.0058222,0.0058222,0.0058222
635,5868.6,1.06469,0.69114,1.04092,0.81878,0.68536,0.77499,0.45167,1.34942,0.84293,1.19424,0.0058156,0.0058156,0.0058156
636,5877.73,1.06407,0.69365,1.04025,0.81973,0.68495,0.77494,0.45154,1.3494,0.84289,1.19418,0.005809,0.005809,0.005809
637,5886.96,1.05433,0.68613,1.03708,0.81972,0.68608,0.77479,0.45149,1.34983,0.84334,1.19423,0.0058024,0.0058024,0.0058024
638,5896.16,1.057,0.68828,1.03818,0.81682,0.68748,0.77466,0.45129,1.34997,0.84388,1.19435,0.0057958,0.0057958,0.0057958
639,5905.29,1.06153,0.69369,1.0393,0.81755,0.68666,0.77461,0.45113,1.35045,0.84383,1.19448,0.0057892,0.0057892,0.0057892
640,5914.44,1.06469,0.69231,1.04754,0.81967,0.68578,0.77429,0.45064,1.35068,0.84404,1.19456,0.0057826,0.0057826,0.0057826
641,5923.61,1.05246,0.68308,1.03416,0.82087,0.68528,0.77442,0.45094,1.35061,0.84378,1.19457,0.005776,0.005776,0.005776
642,5932.88,1.05797,0.69021,1.0364,0.82007,0.6857,0.77443,0.45083,1.3508,0.8444,1.19473,0.0057694,0.0057694,0.0057694
643,5942.08,1.04747,0.68533,1.03976,0.81929,0.68615,0.77442,0.45086,1.35111,0.84395,1.19469,0.0057628,0.0057628,0.0057628
644,5951.22,1.05619,0.68528,1.04001,0.81835,0.686,0.77411,0.45041,1.35116,0.84426,1.19486,0.0057562,0.0057562,0.0057562
645,5960.42,1.06357,0.69484,1.03989,0.82057,0.68681,0.77404,0.45074,1.35151,0.84436,1.19498,0.0057496,0.0057496,0.0057496
646,5969.57,1.05629,0.68688,1.0358,0.82113,0.68607,0.77357,0.4506,1.35174,0.84464,1.19524,0.005743,0.005743,0.005743
647,5978.85,1.06973,0.69489,1.03975,0.82242,0.68433,0.77374,0.45034,1.35202,0.84493,1.19539,0.0057364,0.0057364,0.0057364
648,5987.99,1.06315,0.69279,1.04066,0.82174,0.68694,0.77387,0.45033,1.35228,0.84525,1.19547,0.0057298,0.0057298,0.0057298
649,5997.14,1.04742,0.68813,1.04213,0.81961,0.68809,0.77461,0.45053,1.35223,0.8454,1.19538,0.0057232,0.0057232,0.0057232
650,6006.31,1.0498,0.68513,1.0443,0.82317,0.68501,0.77497,0.45022,1.35262,0.84537,1.19555,0.0057166,0.0057166,0.0057166
651,6015.45,1.05259,0.69173,1.04271,0.82379,0.68474,0.7746,0.45004,1.35277,0.84563,1.19564,0.00571,0.00571,0.00571
652,6024.72,1.06086,0.68986,1.04133,0.82139,0.68789,0.77474,0.44974,1.35305,0.84539,1.19588,0.0057034,0.0057034,0.0057034
653,6033.9,1.04904,0.68714,1.039,0.82124,0.68812,0.77452,0.45033,1.35303,0.8452,1.19601,0.0056968,0.0056968,0.0056968
654,6043.08,1.07023,0.69156,1.04139,0.82384,0.68591,0.77486,0.44986,1.35321,0.84505,1.19622,0.0056902,0.0056902,0.0056902
655,6052.2,1.0551,0.6908,1.0403,0.82294,0.68761,0.77432,0.45,1.35322,0.84515,1.19624,0.0056836,0.0056836,0.0056836
656,6061.38,1.03858,0.67933,1.03192,0.82168,0.68791,0.7745,0.45014,1.35315,0.8451,1.19604,0.005677,0.005677,0.005677
657,6070.61,1.05684,0.68873,1.03733,0.82108,0.68827,0.77452,0.4498,1.35299,0.84459,1.19619,0.0056704,0.0056704,0.0056704
658,6079.81,1.05891,0.69217,1.03937,0.81539,0.69295,0.7748,0.44979,1.35304,0.84461,1.19627,0.0056638,0.0056638,0.0056638
659,6088.97,1.06081,0.68881,1.04067,0.81519,0.69348,0.77437,0.44989,1.35278,0.84456,1.1964,0.0056572,0.0056572,0.0056572
660,6098.13,1.0632,0.6905,1.04345,0.81471,0.69243,0.7738,0.44992,1.353,0.84487,1.19665,0.0056506,0.0056506,0.0056506
661,6107.3,1.04951,0.67801,1.03142,0.81548,0.69319,0.77383,0.45003,1.35305,0.84528,1.19655,0.005644,0.005644,0.005644
662,6116.57,1.06775,0.69279,1.04055,0.81573,0.6915,0.77393,0.4495,1.35282,0.84487,1.19655,0.0056374,0.0056374,0.0056374
663,6125.77,1.05123,0.68872,1.03913,0.81662,0.69231,0.77464,0.44986,1.35285,0.84471,1.19651,0.0056308,0.0056308,0.0056308
664,6134.95,1.03208,0.67483,1.03056,0.82393,0.68494,0.77412,0.44972,1.35325,0.8447,1.19664,0.0056242,0.0056242,0.0056242
665,6144.14,1.0739,0.6984,1.04345,0.81501,0.69114,0.77382,0.44936,1.35353,0.84478,1.19663,0.0056176,0.0056176,0.0056176
666,6153.31,1.04554,0.68157,1.03399,0.81521,0.6909,0.77365,0.4494,1.35337,0.84472,1.19653,0.005611,0.005611,0.005611
667,6162.6,1.06641,0.69609,1.04671,0.81492,0.69067,0.77344,0.44902,1.35352,0.84452,1.19656,0.0056044,0.0056044,0.0056044
668,6171.75,1.04502,0.67865,1.03554,0.81726,0.68857,0.77339,0.44906,1.35394,0.84499,1.1968,0.0055978,0.0055978,0.0055978
669,6180.93,1.06541,0.69362,1.04277,0.819,0.68878,0.77363,0.4489,1.35443,0.84566,1.1971,0.0055912,0.0055912,0.0055912
670,6190.08,1.04552,0.68232,1.03543,0.81784,0.68916,0.77345,0.44894,1.35473,0.84615,1.19735,0.0055846,0.0055846,0.0055846
671,6199.27,1.04542,0.68134,1.03415,0.81513,0.69029,0.77299,0.44843,1.35516,0.84669,1.1975,0.005578,0.005578,0.005578
672,6208.57,1.06098,0.69202,1.04135,0.81465,0.69123,0.77344,0.44889,1.35547,0.84707,1.19755,0.0055714,0.0055714,0.0055714
673,6217.79,1.05627,0.6892,1.03728,0.81582,0.69036,0.7734,0.44883,1.35539,0.84677,1.19733,0.0055648,0.0055648,0.0055648
674,6226.97,1.07871,0.70428,1.04695,0.8142,0.69082,0.77313,0.44857,1.35531,0.84734,1.19738,0.0055582,0.0055582,0.0055582
675,6236.17,1.06186,0.69155,1.03419,0.81313,0.69133,0.77318,0.44862,1.35532,0.84706,1.1975,0.0055516,0.0055516,0.0055516
676,6245.36,1.05189,0.68197,1.03374,0.81584,0.68966,0.7733,0.44836,1.35527,0.84716,1.19741,0.005545,0.005545,0.005545
677,6254.65,1.05938,0.686,1.03543,0.81667,0.68958,0.7735,0.44848,1.35602,0.84716,1.19759,0.0055384,0.0055384,0.0055384
678,6263.82,1.05862,0.68703,1.03312,0.81666,0.68949,0.77284,0.44812,1.35587,0.84742,1.19765,0.0055318,0.0055318,0.0055318
679,6273,1.0573,0.68815,1.04205,0.81361,0.6908,0.77299,0.44829,1.35625,0.84758,1.19759,0.0055252,0.0055252,0.0055252
680,6282.15,1.06507,0.69079,1.03476,0.81423,0.69074,0.77292,0.44822,1.35609,0.84789,1.19751,0.0055186,0.0055186,0.0055186
681,6291.35,1.0434,0.67829,1.03289,0.81461,0.69049,0.77256,0.448,1.35685,0.84847,1.19765,0.005512,0.005512,0.005512
682,6300.6,1.05808,0.68684,1.03857,0.81435,0.69197,0.77309,0.44799,1.35667,0.84845,1.19769,0.0055054,0.0055054,0.0055054
683,6309.75,1.05141,0.68287,1.03708,0.81419,0.6918,0.77293,0.44788,1.35703,0.84893,1.19809,0.0054988,0.0054988,0.0054988
684,6318.89,1.08008,0.70229,1.04467,0.81467,0.69147,0.77319,0.44788,1.35719,0.84836,1.19826,0.0054922,0.0054922,0.0054922
685,6328.02,1.04019,0.67748,1.03439,0.81494,0.69114,0.77283,0.44769,1.35764,0.84844,1.19829,0.0054856,0.0054856,0.0054856
686,6337.21,1.04284,0.68065,1.03226,0.8127,0.69303,0.77226,0.44733,1.35778,0.84917,1.19847,0.005479,0.005479,0.005479
687,6346.49,1.07007,0.69627,1.04507,0.81484,0.69232,0.77234,0.44749,1.35795,0.84903,1.19857,0.0054724,0.0054724,0.0054724
688,6355.65,1.05119,0.68286,1.0368,0.81352,0.69362,0.77197,0.44736,1.35777,0.84916,1.19858,0.0054658,0.0054658,0.0054658
689,6364.81,1.05235,0.68453,1.03384,0.81184,0.69321,0.77168,0.44711,1.3584,0.84996,1.19892,0.0054592,0.0054592,0.0054592
690,6373.95,1.05338,0.68627,1.03873,0.81229,0.69277,0.77192,0.44717,1.35835,0.85053,1.19886,0.0054526,0.0054526,0.0054526
691,6383.13,1.05166,0.68577,1.0382,0.81082,0.69377,0.77148,0.44717,1.35896,0.85096,1.19914,0.005446,0.005446,0.005446
692,6392.44,1.07017,0.69575,1.04043,0.80908,0.69341,0.77126,0.44682,1.3589,0.8521,1.1989,0.0054394,0.0054394,0.0054394
693,6401.6,1.03345,0.67702,1.02989,0.80879,0.69366,0.77132,0.44683,1.35905,0.85188,1.1985,0.0054328,0.0054328,0.0054328
694,6410.77,1.04965,0.68507,1.03393,0.81168,0.69242,0.7712,0.44675,1.35911,0.85203,1.19826,0.0054262,0.0054262,0.0054262
695,6419.95,1.04031,0.67643,1.03126,0.80937,0.69258,0.77095,0.44693,1.35845,0.85141,1.19791,0.0054196,0.0054196,0.0054196
696,6429.15,1.06204,0.69158,1.03683,0.81175,0.69148,0.76992,0.44631,1.3581,0.85116,1.19734,0.005413,0.005413,0.005413
697,6438.41,1.05873,0.69329,1.04349,0.80853,0.69234,0.77041,0.44655,1.35766,0.85071,1.19703,0.0054064,0.0054064,0.0054064
698,6447.61,1.0627,0.68906,1.03742,0.80933,0.69197,0.771,0.44644,1.35797,0.85084,1.19704,0.0053998,0.0053998,0.0053998
699,6456.79,1.04708,0.68287,1.03185,0.81028,0.69082,0.77107,0.44664,1.35763,0.85074,1.19653,0.0053932,0.0053932,0.0053932
700,6465.97,1.0639,0.68723,1.03704,0.81078,0.69048,0.77058,0.44621,1.35776,0.85049,1.19661,0.0053866,0.0053866,0.0053866
701,6475.11,1.04833,0.68168,1.03649,0.81159,0.68964,0.76992,0.44614,1.35806,0.85135,1.19682,0.00538,0.00538,0.00538
702,6484.37,1.05609,0.69321,1.04092,0.81025,0.68993,0.76993,0.44591,1.35813,0.85165,1.19683,0.0053734,0.0053734,0.0053734
703,6493.56,1.03457,0.67274,1.02909,0.81276,0.68894,0.76952,0.44556,1.35813,0.85147,1.19671,0.0053668,0.0053668,0.0053668
704,6502.76,1.06034,0.68882,1.03589,0.81223,0.68949,0.76982,0.44498,1.35834,0.85143,1.19671,0.0053602,0.0053602,0.0053602
705,6511.97,1.04119,0.67618,1.03418,0.80941,0.69022,0.76934,0.44494,1.35836,0.85122,1.19642,0.0053536,0.0053536,0.0053536
706,6521.12,1.05972,0.6845,1.03648,0.81197,0.68907,0.76939,0.44488,1.35882,0.85119,1.19672,0.005347,0.005347,0.005347
707,6530.37,1.04235,0.68031,1.03605,0.81477,0.68666,0.76924,0.4449,1.35855,0.85122,1.19668,0.0053404,0.0053404,0.0053404
708,6539.5,1.0581,0.68979,1.03838,0.81632,0.68662,0.76925,0.4447,1.35893,0.85137,1.19691,0.0053338,0.0053338,0.0053338
709,6548.66,1.05988,0.68331,1.03404,0.81527,0.68669,0.7689,0.44441,1.35901,0.85143,1.19684,0.0053272,0.0053272,0.0053272
710,6557.82,1.05656,0.68302,1.03641,0.81554,0.6868,0.76921,0.44456,1.35903,0.85174,1.19691,0.0053206,0.0053206,0.0053206
711,6566.98,1.0597,0.6892,1.03987,0.81377,0.68633,0.76828,0.44452,1.3591,0.85179,1.1968,0.005314,0.005314,0.005314
712,6576.26,1.03063,0.67161,1.02446,0.81568,0.68593,0.76843,0.44443,1.35901,0.85174,1.1967,0.0053074,0.0053074,0.0053074
713,6585.47,1.05229,0.6836,1.03291,0.81665,0.68534,0.7685,0.44444,1.35901,0.85195,1.19685,0.0053008,0.0053008,0.0053008
714,6594.6,1.05207,0.68208,1.037,0.81609,0.68548,0.76836,0.44424,1.35961,0.85203,1.19697,0.0052942,0.0052942,0.0052942
715,6603.76,1.05737,0.68454,1.03838,0.81606,0.68539,0.76827,0.44421,1.35968,0.85235,1.1969,0.0052876,0.0052876,0.0052876
716,6612.9,1.05577,0.6846,1.04026,0.81752,0.68426,0.76817,0.44422,1.35991,0.85334,1.19709,0.005281,0.005281,0.005281
717,6622.18,1.07093,0.69206,1.04006,0.81976,0.68187,0.76765,0.44393,1.36022,0.85326,1.1972,0.0052744,0.0052744,0.0052744
718,6631.34,1.04002,0.67803,1.03395,0.81963,0.68319,0.76806,0.44386,1.36022,0.85326,1.19731,0.0052678,0.0052678,0.0052678
719,6640.51,1.0428,0.68231,1.03384,0.81797,0.68261,0.76761,0.44366,1.36016,0.85325,1.19714,0.0052612,0.0052612,0.0052612
720,6649.69,1.04419,0.67662,1.03188,0.81514,0.68441,0.76756,0.44371,1.36005,0.85322,1.19703,0.0052546,0.0052546,0.0052546
721,6658.86,1.03972,0.67471,1.02938,0.81678,0.68431,0.76735,0.44368,1.35978,0.8533,1.19685,0.005248,0.005248,0.005248
722,6668.11,1.05271,0.68071,1.0358,0.81832,0.68353,0.76745,0.44372,1.35997,0.85389,1.19689,0.0052414,0.0052414,0.0052414
723,6677.31,1.04742,0.68581,1.03794,0.81864,0.68252,0.76724,0.44324,1.36032,0.85339,1.19709,0.0052348,0.0052348,0.0052348
724,6686.48,1.04784,0.68407,1.03797,0.81885,0.6824,0.76723,0.44323,1.3602,0.85375,1.19711,0.0052282,0.0052282,0.0052282
725,6695.71,1.04156,0.67993,1.03435,0.82031,0.68283,0.76783,0.44369,1.36013,0.8532,1.19697,0.0052216,0.0052216,0.0052216
726,6704.88,1.05177,0.68581,1.03624,0.82186,0.68173,0.76788,0.44371,1.36002,0.85308,1.19695,0.005215,0.005215,0.005215
727,6714.1,1.04118,0.67927,1.03028,0.82517,0.68011,0.76844,0.44365,1.35977,0.85292,1.19678,0.0052084,0.0052084,0.0052084
728,6723.25,1.04743,0.68571,1.03457,0.82321,0.68011,0.76773,0.44332,1.36013,0.85291,1.19677,0.0052018,0.0052018,0.0052018
729,6732.46,1.06019,0.68616,1.0349,0.82357,0.68062,0.76765,0.44334,1.36012,0.85263,1.19657,0.0051952,0.0051952,0.0051952
730,6741.62,1.05316,0.67952,1.03469,0.82329,0.67988,0.76757,0.44289,1.36031,0.8529,1.19693,0.0051886,0.0051886,0.0051886
731,6750.76,1.04009,0.67529,1.02795,0.82399,0.67936,0.76753,0.44299,1.36056,0.85271,1.19688,0.005182,0.005182,0.005182
732,6760.01,1.03585,0.67014,1.02284,0.82299,0.67947,0.76736,0.44291,1.36112,0.85277,1.19718,0.0051754,0.0051754,0.0051754
733,6769.22,1.04915,0.68403,1.03287,0.82607,0.67891,0.76711,0.44271,1.36109,0.85339,1.19712,0.0051688,0.0051688,0.0051688
734,6778.4,1.03828,0.67526,1.03184,0.82433,0.67957,0.76715,0.44232,1.36118,0.85323,1.19725,0.0051622,0.0051622,0.0051622
735,6787.59,1.04674,0.68225,1.03454,0.82267,0.68041,0.76663,0.44274,1.36077,0.8529,1.19685,0.0051556,0.0051556,0.0051556
736,6796.76,1.03948,0.67818,1.03532,0.82185,0.67996,0.76724,0.44273,1.36097,0.85346,1.19697,0.005149,0.005149,0.005149
737,6806.04,1.0368,0.67512,1.02477,0.82146,0.68134,0.76635,0.44224,1.36104,0.85322,1.19695,0.0051424,0.0051424,0.0051424
738,6815.22,1.0483,0.68257,1.03607,0.82377,0.67986,0.76636,0.44205,1.36121,0.8536,1.1972,0.0051358,0.0051358,0.0051358
739,6824.42,1.06426,0.68801,1.03632,0.82344,0.67992,0.76607,0.44194,1.36142,0.85368,1.19719,0.0051292,0.0051292,0.0051292
740,6833.59,1.05074,0.68365,1.02976,0.82303,0.67985,0.76577,0.44115,1.36171,0.85408,1.19726,0.0051226,0.0051226,0.0051226
741,6842.8,1.04682,0.68106,1.03567,0.8242,0.67915,0.7658,0.44148,1.36169,0.85415,1.19738,0.005116,0.005116,0.005116
742,6852.08,1.05134,0.6799,1.03453,0.82235,0.67894,0.76534,0.4411,1.36219,0.8543,1.19747,0.0051094,0.0051094,0.0051094
743,6861.28,1.05621,0.68265,1.03096,0.82479,0.67955,0.76583,0.44146,1.3623,0.85392,1.19752,0.0051028,0.0051028,0.0051028
744,6870.44,1.03308,0.67651,1.02991,0.82521,0.67896,0.76585,0.44118,1.36273,0.85364,1.19757,0.0050962,0.0050962,0.0050962
745,6879.63,1.04376,0.67741,1.03083,0.82437,0.6794,0.76577,0.44114,1.36263,0.854,1.19746,0.0050896,0.0050896,0.0050896
746,6888.82,1.04059,0.67669,1.03189,0.82362,0.67883,0.76573,0.44113,1.36288,0.85444,1.19759,0.005083,0.005083,0.005083
747,6898.1,1.03412,0.67266,1.03384,0.82371,0.67827,0.76538,0.44092,1.36292,0.85457,1.19764,0.0050764,0.0050764,0.0050764
748,6907.27,1.04885,0.68552,1.03211,0.82229,0.67869,0.76578,0.44096,1.36308,0.85461,1.19789,0.0050698,0.0050698,0.0050698
749,6916.45,1.02465,0.66949,1.02643,0.82095,0.67941,0.76514,0.44061,1.36301,0.85449,1.19773,0.0050632,0.0050632,0.0050632
750,6925.6,1.03297,0.67242,1.0301,0.82142,0.67944,0.76538,0.4403,1.36311,0.85487,1.19792,0.0050566,0.0050566,0.0050566
751,6934.82,1.06386,0.69136,1.03788,0.82097,0.67932,0.76508,0.44029,1.36313,0.85458,1.19785,0.00505,0.00505,0.00505
752,6944.13,1.03096,0.66829,1.02528,0.81859,0.68113,0.76547,0.4404,1.363,0.85441,1.19782,0.0050434,0.0050434,0.0050434
753,6953.27,1.03938,0.67614,1.02838,0.81878,0.68141,0.76551,0.44079,1.36292,0.85434,1.19781,0.0050368,0.0050368,0.0050368
754,6962.45,1.03139,0.6703,1.02829,0.81928,0.6809,0.7652,0.4406,1.36266,0.85429,1.19758,0.0050302,0.0050302,0.0050302
755,6971.63,1.04621,0.68069,1.03353,0.81832,0.68067,0.76509,0.44058,1.3627,0.85396,1.1977,0.0050236,0.0050236,0.0050236
756,6980.79,1.05143,0.68332,1.0364,0.81908,0.68066,0.76531,0.44072,1.36281,0.8541,1.19767,0.005017,0.005017,0.005017
757,6990.07,1.03884,0.67555,1.02595,0.81754,0.68151,0.76554,0.44081,1.36264,0.85386,1.19777,0.0050104,0.0050104,0.0050104
758,6999.23,1.05153,0.68086,1.02894,0.81686,0.68213,0.76512,0.44049,1.36287,0.85403,1.19801,0.0050038,0.0050038,0.0050038
759,7008.4,1.05202,0.6815,1.03563,0.81601,0.6831,0.76468,0.44001,1.36324,0.85416,1.1982,0.0049972,0.0049972,0.0049972
760,7017.57,1.0474,0.67676,1.03197,0.81623,0.68231,0.76435,0.44012,1.36384,0.85452,1.19872,0.0049906,0.0049906,0.0049906
761,7026.73,1.04243,0.67986,1.03033,0.81582,0.6824,0.7643,0.43967,1.36393,0.85465,1.19872,0.004984,0.004984,0.004984
762,7035.99,1.03844,0.6773,1.0303,0.81636,0.68216,0.76428,0.43965,1.36467,0.85468,1.1989,0.0049774,0.0049774,0.0049774
763,7045.16,1.02818,0.67739,1.03054,0.81542,0.68264,0.76482,0.43983,1.36456,0.85463,1.199,0.0049708,0.0049708,0.0049708
764,7054.34,1.0402,0.6749,1.03246,0.81494,0.6827,0.76483,0.43965,1.36504,0.85465,1.19927,0.0049642,0.0049642,0.0049642
765,7063.52,1.03473,0.67416,1.02584,0.81665,0.68332,0.7651,0.44003,1.36504,0.85448,1.19911,0.0049576,0.0049576,0.0049576
766,7072.69,1.03788,0.67053,1.02512,0.81859,0.68004,0.76475,0.4396,1.36499,0.85463,1.19911,0.004951,0.004951,0.004951
767,7081.95,1.04552,0.6818,1.03633,0.81798,0.68147,0.76525,0.43984,1.36469,0.85459,1.19881,0.0049444,0.0049444,0.0049444
768,7091.1,1.05574,0.68887,1.03811,0.81823,0.68267,0.76544,0.43962,1.36508,0.85454,1.199,0.0049378,0.0049378,0.0049378
769,7100.29,1.03303,0.67092,1.02581,0.8183,0.68182,0.76484,0.43964,1.36527,0.85489,1.19897,0.0049312,0.0049312,0.0049312
770,7109.5,1.04484,0.67859,1.03136,0.81911,0.68188,0.76496,0.43937,1.36552,0.85486,1.19902,0.0049246,0.0049246,0.0049246
771,7118.7,1.03261,0.67684,1.02816,0.82316,0.67914,0.76486,0.4395,1.36533,0.85454,1.19891,0.004918,0.004918,0.004918
772,7128.02,1.04032,0.67283,1.02562,0.81914,0.68163,0.76514,0.43948,1.36579,0.8546,1.19902,0.0049114,0.0049114,0.0049114
773,7137.45,1.03917,0.67958,1.0339,0.8185,0.68294,0.76563,0.43982,1.36564,0.8543,1.19883,0.0049048,0.0049048,0.0049048
774,7146.74,1.03758,0.67299,1.02847,0.82021,0.68259,0.76557,0.43953,1.36592,0.85434,1.19904,0.0048982,0.0048982,0.0048982
775,7155.95,1.04421,0.67614,1.02528,0.82119,0.68283,0.76537,0.43938,1.36589,0.85423,1.19908,0.0048916,0.0048916,0.0048916
776,7165.16,1.06164,0.69317,1.03728,0.81941,0.68259,0.76516,0.4396,1.36626,0.85399,1.1992,0.004885,0.004885,0.004885
777,7174.47,1.04729,0.68233,1.03182,0.81713,0.68381,0.76501,0.43931,1.36601,0.85426,1.19898,0.0048784,0.0048784,0.0048784
778,7183.58,1.04659,0.6839,1.035,0.81604,0.68414,0.76512,0.43949,1.36596,0.8541,1.19905,0.0048718,0.0048718,0.0048718
779,7192.74,1.04445,0.67749,1.02742,0.8169,0.68406,0.7654,0.43955,1.36636,0.85409,1.19912,0.0048652,0.0048652,0.0048652
780,7201.98,1.043,0.6774,1.02974,0.81637,0.68361,0.76499,0.43925,1.36666,0.85408,1.19911,0.0048586,0.0048586,0.0048586
781,7211.14,1.04584,0.67625,1.0238,0.81758,0.68383,0.76481,0.43949,1.36669,0.85396,1.19906,0.004852,0.004852,0.004852
782,7220.4,1.04344,0.67717,1.02896,0.81828,0.68304,0.76501,0.43963,1.36644,0.85346,1.19896,0.0048454,0.0048454,0.0048454
783,7229.62,1.03014,0.67018,1.02295,0.82227,0.68045,0.76506,0.43955,1.3665,0.85324,1.19905,0.0048388,0.0048388,0.0048388
784,7238.82,1.03214,0.67375,1.02637,0.82192,0.68047,0.76503,0.43965,1.36657,0.85335,1.19908,0.0048322,0.0048322,0.0048322
785,7248.01,1.03413,0.67428,1.02669,0.82249,0.68046,0.7654,0.43926,1.36714,0.85321,1.19936,0.0048256,0.0048256,0.0048256
786,7257.19,1.02364,0.66874,1.026,0.82061,0.68114,0.76593,0.43956,1.3672,0.85302,1.19924,0.004819,0.004819,0.004819
787,7266.43,1.03399,0.67516,1.03027,0.82183,0.68102,0.76575,0.43946,1.36751,0.85338,1.19938,0.0048124,0.0048124,0.0048124
788,7275.57,1.04301,0.67928,1.03068,0.82152,0.68148,0.76566,0.43941,1.36728,0.85295,1.1992,0.0048058,0.0048058,0.0048058
789,7284.72,1.03989,0.67698,1.03005,0.82228,0.68057,0.766,0.43926,1.36776,0.85306,1.19942,0.0047992,0.0047992,0.0047992
790,7293.89,1.04022,0.67781,1.02939,0.82123,0.68025,0.76547,0.43888,1.36786,0.85267,1.19941,0.0047926,0.0047926,0.0047926
791,7303.09,1.04583,0.67585,1.02664,0.82202,0.68062,0.76574,0.43948,1.36793,0.85267,1.19938,0.004786,0.004786,0.004786
792,7312.34,1.03259,0.6686,1.02506,0.82153,0.67986,0.76567,0.43952,1.36833,0.85318,1.19943,0.0047794,0.0047794,0.0047794
793,7321.56,1.03274,0.67451,1.02743,0.82174,0.67941,0.76557,0.43923,1.3685,0.85306,1.19954,0.0047728,0.0047728,0.0047728
794,7330.7,1.04112,0.66997,1.02704,0.82079,0.68149,0.76495,0.43898,1.36895,0.85339,1.19979,0.0047662,0.0047662,0.0047662
795,7339.85,1.04604,0.67762,1.02795,0.81978,0.68244,0.76557,0.43887,1.36951,0.85354,1.19994,0.0047596,0.0047596,0.0047596
796,7349.03,1.05515,0.68294,1.0266,0.82038,0.6824,0.76582,0.43912,1.3699,0.85363,1.20016,0.004753,0.004753,0.004753
797,7358.29,1.043,0.67716,1.03044,0.82114,0.67997,0.76548,0.43877,1.36964,0.85377,1.19994,0.0047464,0.0047464,0.0047464
798,7367.49,1.04632,0.68004,1.03278,0.8197,0.68056,0.76612,0.43899,1.36965,0.85405,1.19991,0.0047398,0.0047398,0.0047398
799,7376.66,1.02671,0.66637,1.02453,0.8197,0.68108,0.76655,0.43923,1.37009,0.85391,1.2001,0.0047332,0.0047332,0.0047332
800,7385.83,1.04494,0.67996,1.03406,0.81953,0.68194,0.76606,0.43858,1.37048,0.85425,1.20027,0.0047266,0.0047266,0.0047266
801,7395.02,1.03306,0.67436,1.03089,0.82071,0.68108,0.76627,0.43885,1.37059,0.85387,1.20009,0.00472,0.00472,0.00472
802,7404.28,1.02795,0.66845,1.02442,0.82102,0.68076,0.76557,0.43858,1.37139,0.85427,1.20038,0.0047134,0.0047134,0.0047134
803,7413.48,1.04287,0.67673,1.03141,0.81993,0.68181,0.76507,0.43846,1.37104,0.85413,1.20017,0.0047068,0.0047068,0.0047068
804,7422.68,1.02041,0.66163,1.02036,0.82078,0.6812,0.76627,0.43871,1.37129,0.85442,1.20044,0.0047002,0.0047002,0.0047002
805,7431.88,1.04009,0.68052,1.02648,0.81913,0.68178,0.76646,0.43875,1.37146,0.85451,1.20049,0.0046936,0.0046936,0.0046936
806,7441.06,1.0416,0.67435,1.03139,0.81901,0.6812,0.76476,0.43853,1.3713,0.85443,1.20044,0.004687,0.004687,0.004687
807,7450.29,1.03905,0.67648,1.02936,0.82072,0.68122,0.76667,0.43894,1.3714,0.85447,1.20033,0.0046804,0.0046804,0.0046804
808,7459.44,1.03022,0.67221,1.02416,0.82126,0.68008,0.7666,0.43897,1.37154,0.85479,1.20024,0.0046738,0.0046738,0.0046738
809,7468.62,1.03647,0.67558,1.02918,0.82049,0.68104,0.76677,0.43927,1.37161,0.85462,1.20014,0.0046672,0.0046672,0.0046672
810,7477.81,1.03847,0.68063,1.02858,0.82042,0.68156,0.767,0.43953,1.37165,0.85447,1.20051,0.0046606,0.0046606,0.0046606
811,7487.01,1.03406,0.67346,1.02433,0.81915,0.68149,0.76715,0.4397,1.37147,0.85427,1.20027,0.004654,0.004654,0.004654
812,7496.28,1.02701,0.66981,1.02539,0.81936,0.68148,0.7669,0.43921,1.37175,0.854,1.20047,0.0046474,0.0046474,0.0046474
813,7505.47,1.03328,0.67451,1.02603,0.82053,0.68021,0.76688,0.43916,1.3717,0.85434,1.20018,0.0046408,0.0046408,0.0046408
814,7514.59,1.05774,0.6829,1.03066,0.82072,0.68008,0.76689,0.43933,1.37131,0.85387,1.20017,0.0046342,0.0046342,0.0046342
815,7523.76,1.04564,0.68015,1.03194,0.81774,0.68222,0.76654,0.43926,1.37133,0.85349,1.20008,0.0046276,0.0046276,0.0046276
816,7532.94,1.04561,0.67764,1.02908,0.81857,0.68076,0.76618,0.43943,1.37134,0.85311,1.20025,0.004621,0.004621,0.004621
817,7542.2,1.03949,0.6709,1.02826,0.81828,0.68176,0.76624,0.43972,1.37103,0.85299,1.19997,0.0046144,0.0046144,0.0046144
818,7551.37,1.03887,0.67283,1.0294,0.81858,0.68196,0.76672,0.43924,1.37133,0.85298,1.20027,0.0046078,0.0046078,0.0046078
819,7560.52,1.0233,0.66701,1.0223,0.81897,0.68152,0.76593,0.43905,1.37186,0.85337,1.20029,0.0046012,0.0046012,0.0046012
820,7569.71,1.04131,0.67274,1.0319,0.81768,0.6834,0.76664,0.43897,1.37217,0.85279,1.20019,0.0045946,0.0045946,0.0045946
821,7578.88,1.03869,0.67058,1.02374,0.81924,0.68297,0.76605,0.43881,1.37238,0.85287,1.20036,0.004588,0.004588,0.004588
822,7588.17,1.0498,0.68115,1.02952,0.81203,0.68911,0.76615,0.43892,1.3725,0.85283,1.20036,0.0045814,0.0045814,0.0045814
823,7597.38,1.04575,0.67484,1.02976,0.81149,0.68814,0.76595,0.43909,1.37288,0.85323,1.20054,0.0045748,0.0045748,0.0045748
824,7606.55,1.02614,0.66426,1.02322,0.81006,0.68769,0.76569,0.4386,1.37292,0.85328,1.2005,0.0045682,0.0045682,0.0045682
825,7615.71,1.04359,0.67451,1.02411,0.81716,0.68039,0.76517,0.43881,1.37355,0.85331,1.20069,0.0045616,0.0045616,0.0045616
826,7624.91,1.02206,0.66579,1.0208,0.80761,0.6878,0.76524,0.43863,1.37404,0.8537,1.20082,0.004555,0.004555,0.004555
827,7634.18,1.03524,0.6757,1.02936,0.81008,0.6876,0.76539,0.43867,1.37417,0.85351,1.20093,0.0045484,0.0045484,0.0045484
828,7643.34,1.04335,0.68125,1.0321,0.81113,0.68769,0.76587,0.43852,1.37422,0.8532,1.20084,0.0045418,0.0045418,0.0045418
829,7652.53,1.04792,0.67493,1.02821,0.8096,0.68723,0.76498,0.43828,1.37389,0.85314,1.20062,0.0045352,0.0045352,0.0045352
830,7661.71,1.04771,0.68454,1.03329,0.81021,0.68685,0.76486,0.43852,1.37411,0.85326,1.20085,0.0045286,0.0045286,0.0045286
831,7670.9,1.04441,0.67947,1.02487,0.80622,0.68972,0.76539,0.43844,1.37391,0.85389,1.20071,0.004522,0.004522,0.004522
832,7680.18,1.02201,0.66926,1.02721,0.81121,0.68768,0.76568,0.43822,1.3741,0.85399,1.20095,0.0045154,0.0045154,0.0045154
833,7689.38,1.0196,0.66462,1.02296,0.80611,0.68977,0.76477,0.43817,1.37424,0.85423,1.20103,0.0045088,0.0045088,0.0045088
834,7698.48,1.02443,0.66809,1.02192,0.81089,0.68788,0.76564,0.438,1.37419,0.8546,1.20128,0.0045022,0.0045022,0.0045022
835,7707.7,1.04328,0.67729,1.02523,0.81019,0.68709,0.76479,0.43776,1.37501,0.85467,1.20173,0.0044956,0.0044956,0.0044956
836,7716.92,1.03534,0.67151,1.02137,0.81319,0.68607,0.76529,0.43763,1.37523,0.85485,1.20193,0.004489,0.004489,0.004489
837,7726.2,1.04014,0.6738,1.02505,0.81236,0.68646,0.76525,0.43732,1.37554,0.8547,1.20199,0.0044824,0.0044824,0.0044824
838,7735.39,1.0334,0.66964,1.02349,0.81091,0.68741,0.76487,0.43711,1.37596,0.85501,1.20222,0.0044758,0.0044758,0.0044758
839,7744.53,1.03514,0.6722,1.02448,0.81122,0.6872,0.76492,0.43762,1.37606,0.85456,1.20207,0.0044692,0.0044692,0.0044692
840,7753.7,1.03657,0.67531,1.02412,0.80684,0.68926,0.76465,0.43745,1.37623,0.85465,1.20232,0.0044626,0.0044626,0.0044626
841,7762.83,1.03138,0.67464,1.02757,0.80693,0.68906,0.76501,0.4375,1.37605,0.85451,1.20233,0.004456,0.004456,0.004456
842,7772.15,1.05319,0.68112,1.02873,0.80576,0.68939,0.76504,0.43722,1.37664,0.85455,1.20256,0.0044494,0.0044494,0.0044494
843,7781.32,1.03036,0.67343,1.02527,0.80309,0.69007,0.76476,0.43761,1.37663,0.85494,1.20258,0.0044428,0.0044428,0.0044428
844,7790.48,1.01815,0.66631,1.01885,0.8041,0.68859,0.76436,0.43751,1.3767,0.85551,1.20295,0.0044362,0.0044362,0.0044362
845,7799.62,1.02926,0.67586,1.02611,0.804,0.68901,0.76479,0.43756,1.37685,0.85531,1.20298,0.0044296,0.0044296,0.0044296
846,7808.82,1.03659,0.67501,1.02599,0.80312,0.68914,0.76418,0.43783,1.37697,0.8552,1.20312,0.004423,0.004423,0.004423
847,7818.09,1.02127,0.66451,1.02123,0.80266,0.69085,0.76494,0.43763,1.37683,0.85533,1.20311,0.0044164,0.0044164,0.0044164
848,7827.25,1.0302,0.66785,1.0234,0.8039,0.69064,0.76489,0.43796,1.37713,0.8556,1.20307,0.0044098,0.0044098,0.0044098
849,7836.46,1.03689,0.67032,1.02603,0.80435,0.69046,0.76507,0.43784,1.37722,0.85563,1.2031,0.0044032,0.0044032,0.0044032
850,7845.63,1.03164,0.66777,1.02071,0.8055,0.68844,0.76466,0.43793,1.37752,0.85557,1.2031,0.0043966,0.0043966,0.0043966
851,7854.82,1.03943,0.67502,1.0255,0.80696,0.6877,0.76478,0.438,1.37704,0.85589,1.20295,0.00439,0.00439,0.00439
852,7864.06,1.02446,0.66987,1.02482,0.802,0.69112,0.76479,0.4383,1.37725,0.85577,1.20298,0.0043834,0.0043834,0.0043834
853,7873.26,1.0417,0.67124,1.02001,0.80592,0.68896,0.76495,0.43882,1.37671,0.85556,1.20278,0.0043768,0.0043768,0.0043768
854,7882.39,1.02757,0.66524,1.01834,0.80586,0.68821,0.76411,0.4383,1.37739,0.85601,1.20284,0.0043702,0.0043702,0.0043702
855,7891.63,1.02115,0.65924,1.01724,0.80491,0.68899,0.76449,0.4382,1.37752,0.85624,1.20297,0.0043636,0.0043636,0.0043636
856,7900.88,1.04073,0.67692,1.02937,0.80449,0.69028,0.76438,0.43815,1.37732,0.85637,1.20281,0.004357,0.004357,0.004357
857,7910.15,1.03278,0.66587,1.02479,0.80314,0.6907,0.76454,0.43792,1.37717,0.85634,1.20259,0.0043504,0.0043504,0.0043504
858,7919.29,1.04311,0.67578,1.02427,0.80397,0.68948,0.7641,0.43811,1.37735,0.85661,1.20268,0.0043438,0.0043438,0.0043438
859,7928.51,1.03493,0.67007,1.02775,0.80358,0.68973,0.76399,0.43792,1.37764,0.85633,1.20273,0.0043372,0.0043372,0.0043372
860,7937.66,1.02761,0.67066,1.02251,0.80334,0.68915,0.76377,0.43783,1.37816,0.85678,1.20293,0.0043306,0.0043306,0.0043306
861,7946.84,1.02923,0.66527,1.02168,0.80392,0.68951,0.76379,0.43792,1.37789,0.85715,1.20287,0.004324,0.004324,0.004324
862,7956.14,1.03005,0.67075,1.02498,0.80298,0.69009,0.76364,0.43791,1.37824,0.8568,1.20294,0.0043174,0.0043174,0.0043174
863,7965.32,1.04056,0.6728,1.03033,0.80339,0.69037,0.76409,0.43805,1.37782,0.85702,1.20307,0.0043108,0.0043108,0.0043108
864,7974.53,1.02906,0.66718,1.01884,0.80443,0.6891,0.76399,0.43786,1.37804,0.8572,1.20317,0.0043042,0.0043042,0.0043042
865,7983.71,1.03365,0.67287,1.02406,0.80343,0.68939,0.76375,0.43778,1.37833,0.85745,1.2033,0.0042976,0.0042976,0.0042976
866,7992.87,1.03649,0.67497,1.02693,0.80432,0.68939,0.76403,0.43807,1.37912,0.85781,1.20357,0.004291,0.004291,0.004291
867,8002.12,1.03648,0.67267,1.02793,0.80289,0.68952,0.76398,0.43812,1.37914,0.85859,1.20355,0.0042844,0.0042844,0.0042844
868,8011.33,1.05401,0.6818,1.02783,0.80441,0.6883,0.7636,0.43764,1.37939,0.85856,1.20369,0.0042778,0.0042778,0.0042778
869,8020.55,1.0238,0.66675,1.02339,0.80382,0.68859,0.76388,0.4377,1.37917,0.85871,1.20361,0.0042712,0.0042712,0.0042712
870,8029.7,1.03252,0.67055,1.02167,0.8035,0.68893,0.76348,0.43757,1.37948,0.85848,1.20399,0.0042646,0.0042646,0.0042646
871,8038.88,1.03091,0.67229,1.02436,0.80411,0.68765,0.76333,0.4376,1.37978,0.85909,1.20418,0.004258,0.004258,0.004258
872,8048.11,1.01929,0.6659,1.02298,0.80326,0.68958,0.76344,0.43757,1.37995,0.85938,1.20424,0.0042514,0.0042514,0.0042514
873,8057.32,1.04183,0.67669,1.02453,0.80373,0.68887,0.76337,0.43731,1.38044,0.85995,1.20424,0.0042448,0.0042448,0.0042448
874,8066.52,1.03419,0.66485,1.01648,0.80248,0.6889,0.76311,0.43715,1.38081,0.86013,1.2044,0.0042382,0.0042382,0.0042382
875,8075.68,1.02626,0.67108,1.02331,0.80258,0.68861,0.76306,0.43721,1.3814,0.86101,1.20468,0.0042316,0.0042316,0.0042316
876,8084.86,1.03771,0.67191,1.0262,0.80308,0.68863,0.76307,0.43717,1.38169,0.86111,1.20479,0.004225,0.004225,0.004225
877,8094.15,1.02386,0.66972,1.02247,0.8021,0.68924,0.76306,0.43694,1.38166,0.86089,1.20468,0.0042184,0.0042184,0.0042184
878,8103.3,1.02226,0.66802,1.02145,0.80189,0.68942,0.76311,0.4371,1.38125,0.86108,1.20483,0.0042118,0.0042118,0.0042118
879,8112.47,1.03102,0.67467,1.02504,0.80068,0.68942,0.76289,0.43717,1.38163,0.86063,1.20461,0.0042052,0.0042052,0.0042052
880,8121.71,1.02006,0.66279,1.01425,0.80016,0.68936,0.76303,0.43668,1.38208,0.86094,1.20465,0.0041986,0.0041986,0.0041986
881,8130.89,1.02892,0.6638,1.01845,0.79892,0.68894,0.76288,0.43643,1.38257,0.86136,1.20488,0.004192,0.004192,0.004192
882,8140.18,1.03084,0.66861,1.02061,0.80074,0.68849,0.76259,0.43614,1.38283,0.86154,1.20505,0.0041854,0.0041854,0.0041854
883,8149.38,1.0492,0.67709,1.02949,0.80059,0.68856,0.76256,0.43622,1.38257,0.86138,1.20496,0.0041788,0.0041788,0.0041788
884,8158.58,1.03388,0.67234,1.02553,0.80135,0.68809,0.76266,0.436,1.38287,0.86171,1.2051,0.0041722,0.0041722,0.0041722
885,8167.76,1.01131,0.65811,1.01588,0.8016,0.6874,0.76225,0.43608,1.38289,0.86176,1.20506,0.0041656,0.0041656,0.0041656
886,8176.93,1.02339,0.66793,1.02198,0.80059,0.68878,0.762,0.43633,1.38314,0.8622,1.20517,0.004159,0.004159,0.004159
887,8186.24,1.02053,0.6619,1.01884,0.80024,0.68891,0.76196,0.43609,1.38303,0.86194,1.2052,0.0041524,0.0041524,0.0041524
888,8195.41,1.0364,0.67126,1.02292,0.80047,0.68874,0.76185,0.43595,1.38369,0.86258,1.20568,0.0041458,0.0041458,0.0041458
889,8204.57,1.03647,0.67561,1.02356,0.79983,0.68938,0.76166,0.43597,1.38393,0.86246,1.20564,0.0041392,0.0041392,0.0041392
890,8213.76,1.02182,0.66278,1.01879,0.79944,0.68886,0.76168,0.43579,1.38391,0.86296,1.2059,0.0041326,0.0041326,0.0041326
891,8222.95,1.02817,0.66895,1.02504,0.79988,0.68924,0.76152,0.43619,1.38376,0.86258,1.20577,0.004126,0.004126,0.004126
892,8232.19,1.0259,0.66427,1.02386,0.79881,0.68882,0.76121,0.43604,1.38458,0.86331,1.20616,0.0041194,0.0041194,0.0041194
893,8241.38,1.02472,0.66281,1.01714,0.79886,0.68943,0.76125,0.43598,1.38451,0.86337,1.20606,0.0041128,0.0041128,0.0041128
894,8250.56,1.04112,0.67421,1.02429,0.79653,0.69035,0.76086,0.43563,1.38476,0.86373,1.20612,0.0041062,0.0041062,0.0041062
895,8259.71,1.01624,0.65703,1.01976,0.79802,0.68953,0.76083,0.43563,1.38495,0.86398,1.20583,0.0040996,0.0040996,0.0040996
896,8268.89,1.03929,0.67059,1.0241,0.79571,0.69001,0.76053,0.4352,1.38594,0.86491,1.20637,0.004093,0.004093,0.004093
897,8278.13,1.02891,0.66615,1.01938,0.79605,0.68973,0.76035,0.43521,1.38561,0.86454,1.2061,0.0040864,0.0040864,0.0040864
898,8287.3,1.02361,0.6667,1.02036,0.79627,0.68889,0.75979,0.43502,1.38647,0.86497,1.20637,0.0040798,0.0040798,0.0040798
899,8296.52,1.03305,0.67314,1.02272,0.79663,0.68876,0.75983,0.43516,1.38646,0.86513,1.20647,0.0040732,0.0040732,0.0040732
900,8305.7,1.03074,0.66836,1.02156,0.79793,0.68836,0.76002,0.43514,1.38731,0.86547,1.20661,0.0040666,0.0040666,0.0040666
901,8314.87,1.03743,0.67622,1.01978,0.7982,0.68774,0.75995,0.43531,1.38778,0.86581,1.20678,0.00406,0.00406,0.00406
902,8324.12,1.01266,0.65985,1.01695,0.79737,0.6888,0.75997,0.43529,1.38739,0.86566,1.20642,0.0040534,0.0040534,0.0040534
903,8333.32,1.02348,0.66162,1.01732,0.79687,0.68812,0.75949,0.43505,1.38768,0.86584,1.20661,0.0040468,0.0040468,0.0040468
904,8342.5,1.03075,0.67064,1.02686,0.79737,0.68861,0.75919,0.43521,1.38666,0.86535,1.20607,0.0040402,0.0040402,0.0040402
905,8351.68,1.02394,0.66772,1.02407,0.79607,0.68875,0.75959,0.43533,1.38711,0.86537,1.20602,0.0040336,0.0040336,0.0040336
906,8360.99,1.01928,0.66181,1.01973,0.7972,0.68704,0.75916,0.43505,1.38778,0.86577,1.2066,0.004027,0.004027,0.004027
907,8370.13,1.02477,0.66614,1.0192,0.79574,0.68846,0.7591,0.43496,1.38753,0.8659,1.2065,0.0040204,0.0040204,0.0040204
908,8379.35,1.01445,0.65766,1.02098,0.79595,0.68858,0.759,0.43485,1.38788,0.86612,1.20654,0.0040138,0.0040138,0.0040138
909,8388.51,1.03623,0.67375,1.02318,0.79713,0.68758,0.75901,0.43434,1.38858,0.86649,1.20676,0.0040072,0.0040072,0.0040072
910,8397.67,1.02689,0.66635,1.02285,0.79695,0.68596,0.75852,0.43427,1.38856,0.86658,1.20681,0.0040006,0.0040006,0.0040006
911,8406.96,1.03457,0.66911,1.0235,0.79849,0.68602,0.75879,0.43439,1.38871,0.86699,1.20667,0.003994,0.003994,0.003994
912,8416.08,1.03178,0.67122,1.02281,0.79723,0.68708,0.7586,0.43448,1.3893,0.8664,1.20686,0.0039874,0.0039874,0.0039874
913,8425.28,1.02776,0.66828,1.02433,0.79955,0.68572,0.75867,0.4343,1.38925,0.86666,1.20654,0.0039808,0.0039808,0.0039808
914,8434.47,1.01735,0.65946,1.01708,0.79773,0.6859,0.75818,0.43476,1.38948,0.86682,1.20662,0.0039742,0.0039742,0.0039742
915,8443.65,1.02038,0.66243,1.0195,0.79811,0.68501,0.75891,0.43464,1.38944,0.8667,1.20635,0.0039676,0.0039676,0.0039676
916,8452.95,1.02366,0.66735,1.01968,0.798,0.68581,0.75888,0.4346,1.39048,0.86719,1.20674,0.003961,0.003961,0.003961
917,8462.14,1.03208,0.67008,1.02497,0.79904,0.68461,0.75865,0.4343,1.39054,0.86747,1.20687,0.0039544,0.0039544,0.0039544
918,8471.36,1.00807,0.65743,1.01636,0.79978,0.68376,0.75837,0.43421,1.39138,0.86761,1.20734,0.0039478,0.0039478,0.0039478
919,8480.53,1.04413,0.67586,1.02647,0.79845,0.68399,0.75849,0.43422,1.39158,0.8675,1.20729,0.0039412,0.0039412,0.0039412
920,8489.71,1.00853,0.65526,1.01771,0.80048,0.6842,0.75863,0.43422,1.39172,0.86772,1.20747,0.0039346,0.0039346,0.0039346
921,8498.96,1.03898,0.67094,1.02,0.79964,0.68411,0.75823,0.43436,1.39213,0.86796,1.2076,0.003928,0.003928,0.003928
922,8508.13,1.0185,0.66264,1.02056,0.80083,0.68353,0.75849,0.43436,1.39215,0.86782,1.20746,0.0039214,0.0039214,0.0039214
923,8517.32,1.02843,0.66981,1.02654,0.80046,0.68379,0.75877,0.4342,1.39193,0.86837,1.20712,0.0039148,0.0039148,0.0039148
924,8526.49,1.021,0.66213,1.01946,0.80029,0.68331,0.75788,0.43418,1.39293,0.86875,1.20785,0.0039082,0.0039082,0.0039082
925,8535.61,1.01714,0.66027,1.01958,0.80065,0.68452,0.75833,0.43429,1.39282,0.86856,1.20779,0.0039016,0.0039016,0.0039016
926,8544.86,1.02755,0.67058,1.02269,0.80066,0.68366,0.758,0.43407,1.39347,0.86864,1.2081,0.003895,0.003895,0.003895
927,8554.04,1.01696,0.65827,1.01457,0.80031,0.68445,0.75804,0.43395,1.39388,0.86879,1.20781,0.0038884,0.0038884,0.0038884
928,8563.23,1.01715,0.66293,1.0135,0.80043,0.68328,0.7577,0.43397,1.39407,0.86913,1.20796,0.0038818,0.0038818,0.0038818
929,8572.4,1.03527,0.66976,1.02384,0.80007,0.68386,0.75766,0.4335,1.39463,0.8696,1.2082,0.0038752,0.0038752,0.0038752
930,8581.54,1.00732,0.6581,1.0147,0.80154,0.68345,0.75767,0.43314,1.39553,0.87023,1.20859,0.0038686,0.0038686,0.0038686
931,8590.8,1.0169,0.66043,1.02,0.80074,0.68414,0.75735,0.4331,1.39536,0.87012,1.20858,0.003862,0.003862,0.003862
932,8599.93,1.02579,0.66704,1.01972,0.80099,0.68381,0.75737,0.43293,1.39578,0.87085,1.20872,0.0038554,0.0038554,0.0038554
933,8609.1,1.02444,0.66251,1.01788,0.8021,0.68174,0.75691,0.43274,1.39589,0.87142,1.20882,0.0038488,0.0038488,0.0038488
934,8618.27,1.0271,0.66769,1.02546,0.80057,0.68144,0.75641,0.43254,1.39648,0.8716,1.20903,0.0038422,0.0038422,0.0038422
935,8627.44,1.02022,0.66394,1.01847,0.79981,0.68164,0.75653,0.43261,1.39647,0.87172,1.209,0.0038356,0.0038356,0.0038356
936,8636.74,1.02675,0.6641,1.02095,0.80158,0.68083,0.75645,0.43298,1.39665,0.8716,1.20909,0.003829,0.003829,0.003829
937,8645.87,1.03332,0.673,1.02706,0.80175,0.6815,0.75675,0.43316,1.3961,0.87115,1.20883,0.0038224,0.0038224,0.0038224
938,8655.02,1.02191,0.66708,1.02227,0.80419,0.68007,0.7567,0.43298,1.39631,0.87124,1.20882,0.0038158,0.0038158,0.0038158
939,8664.18,1.02376,0.66187,1.0217,0.80279,0.68092,0.75688,0.43274,1.3965,0.87081,1.20884,0.0038092,0.0038092,0.0038092
940,8673.36,1.0321,0.66789,1.02431,0.80125,0.68149,0.75673,0.43269,1.39681,0.87117,1.20898,0.0038026,0.0038026,0.0038026
941,8682.66,1.02469,0.66651,1.0207,0.80312,0.68118,0.75681,0.4333,1.3962,0.87093,1.20877,0.003796,0.003796,0.003796
942,8691.85,1.03272,0.66862,1.02158,0.80296,0.68106,0.75644,0.43308,1.39666,0.87144,1.20913,0.0037894,0.0037894,0.0037894
943,8700.99,1.01315,0.65905,1.01265,0.80178,0.68173,0.75629,0.43305,1.39626,0.87137,1.20895,0.0037828,0.0037828,0.0037828
944,8710.15,1.01738,0.66164,1.02205,0.80328,0.68091,0.7561,0.4328,1.39663,0.87153,1.20888,0.0037762,0.0037762,0.0037762
945,8719.33,1.01036,0.65607,1.01626,0.8015,0.68145,0.75571,0.43292,1.39696,0.87154,1.2092,0.0037696,0.0037696,0.0037696
946,8728.54,1.02157,0.66783,1.02202,0.8009,0.68155,0.75603,0.43272,1.39752,0.87138,1.20946,0.003763,0.003763,0.003763
947,8737.74,1.01595,0.65741,1.01312,0.8012,0.68161,0.75582,0.43263,1.39789,0.87216,1.20957,0.0037564,0.0037564,0.0037564
948,8746.9,1.01378,0.65613,1.01723,0.80113,0.68211,0.75666,0.43248,1.39857,0.87253,1.21023,0.0037498,0.0037498,0.0037498
949,8756.05,1.01607,0.66519,1.02295,0.79942,0.6827,0.75666,0.43235,1.39929,0.87282,1.21048,0.0037432,0.0037432,0.0037432
950,8765.22,1.01195,0.65626,1.01463,0.80031,0.68234,0.75663,0.43197,1.40002,0.87274,1.21074,0.0037366,0.0037366,0.0037366
951,8774.49,1.02529,0.66235,1.02073,0.79915,0.68308,0.75674,0.43196,1.40055,0.87345,1.211,0.00373,0.00373,0.00373
952,8783.64,1.0214,0.66537,1.01845,0.7994,0.68197,0.75612,0.4322,1.40054,0.87369,1.2109,0.0037234,0.0037234,0.0037234
953,8792.83,1.02236,0.66319,1.01698,0.79906,0.68209,0.75635,0.43221,1.40085,0.87408,1.21119,0.0037168,0.0037168,0.0037168
954,8801.98,1.00891,0.65871,1.0158,0.79898,0.68236,0.7567,0.43197,1.40158,0.87436,1.21154,0.0037102,0.0037102,0.0037102
955,8811.14,1.01351,0.65958,1.02091,0.80078,0.6825,0.75693,0.43223,1.40174,0.87446,1.21191,0.0037036,0.0037036,0.0037036
956,8820.42,1.02511,0.66264,1.01849,0.80018,0.68257,0.75655,0.43208,1.402,0.87453,1.21178,0.003697,0.003697,0.003697
957,8829.58,1.02175,0.66035,1.01907,0.80014,0.6825,0.75637,0.43212,1.40242,0.87534,1.21218,0.0036904,0.0036904,0.0036904
958,8838.74,1.00664,0.65703,1.01402,0.80097,0.68165,0.75598,0.43172,1.40288,0.87588,1.21254,0.0036838,0.0036838,0.0036838
959,8847.9,1.01814,0.66029,1.01531,0.79787,0.68234,0.75582,0.43147,1.4037,0.87651,1.21315,0.0036772,0.0036772,0.0036772
960,8857.08,1.01746,0.65796,1.01518,0.79957,0.68111,0.75587,0.43128,1.40469,0.8773,1.2136,0.0036706,0.0036706,0.0036706
961,8866.35,1.00369,0.65404,1.00923,0.7986,0.68151,0.75558,0.43127,1.40439,0.87731,1.21324,0.003664,0.003664,0.003664
962,8875.55,1.02607,0.66443,1.02206,0.79944,0.68253,0.75587,0.43119,1.40464,0.87769,1.21348,0.0036574,0.0036574,0.0036574
963,8884.73,1.0203,0.66407,1.01854,0.80003,0.68071,0.75589,0.43143,1.40508,0.87863,1.21367,0.0036508,0.0036508,0.0036508
964,8893.88,1.02246,0.66294,1.01617,0.79788,0.67991,0.75458,0.43108,1.40558,0.87836,1.21421,0.0036442,0.0036442,0.0036442
965,8903.06,1.01227,0.66004,1.01612,0.8001,0.68003,0.75494,0.43103,1.40593,0.87899,1.21452,0.0036376,0.0036376,0.0036376
966,8912.32,1.00415,0.6527,1.0123,0.80081,0.67961,0.75511,0.43081,1.40686,0.87982,1.21533,0.003631,0.003631,0.003631
967,8921.5,1.01575,0.65817,1.01581,0.80002,0.67922,0.7544,0.43089,1.40719,0.88056,1.21532,0.0036244,0.0036244,0.0036244
968,8930.71,1.01768,0.6583,1.01198,0.79934,0.67892,0.75371,0.43043,1.40817,0.88133,1.21582,0.0036178,0.0036178,0.0036178
969,8939.87,1.00843,0.65549,1.01267,0.7997,0.67817,0.75344,0.43027,1.40824,0.88158,1.21605,0.0036112,0.0036112,0.0036112
970,8949.06,1.00359,0.65446,1.01195,0.80284,0.67764,0.75318,0.43009,1.4088,0.88198,1.21636,0.0036046,0.0036046,0.0036046
971,8958.32,1.017,0.66091,1.01713,0.80214,0.67713,0.75304,0.42964,1.40907,0.88267,1.21626,0.003598,0.003598,0.003598
972,8967.51,1.02497,0.66755,1.02025,0.80355,0.67702,0.75322,0.42981,1.40955,0.88264,1.21646,0.0035914,0.0035914,0.0035914
973,8976.7,0.99579,0.64684,1.01094,0.80101,0.67747,0.75297,0.4293,1.4101,0.88337,1.21683,0.0035848,0.0035848,0.0035848
974,8985.89,1.01493,0.65729,1.01853,0.8033,0.67606,0.75307,0.4288,1.41054,0.88382,1.21695,0.0035782,0.0035782,0.0035782
975,8995.07,1.00708,0.65514,1.0187,0.8023,0.67737,0.7527,0.42886,1.41115,0.88429,1.21712,0.0035716,0.0035716,0.0035716
976,9004.29,1.01694,0.66016,1.01806,0.80201,0.67668,0.75251,0.42873,1.41211,0.8849,1.2173,0.003565,0.003565,0.003565
977,9013.47,1.01935,0.65765,1.01507,0.80148,0.67689,0.75252,0.42829,1.41302,0.88524,1.21745,0.0035584,0.0035584,0.0035584
978,9022.67,1.02192,0.65944,1.01345,0.8019,0.67654,0.75248,0.42795,1.4135,0.88555,1.21756,0.0035518,0.0035518,0.0035518
979,9031.86,1.0145,0.66109,1.01481,0.80282,0.67558,0.75242,0.42805,1.41335,0.88619,1.21779,0.0035452,0.0035452,0.0035452
980,9041.01,1.01159,0.6562,1.01523,0.80267,0.67549,0.75254,0.42808,1.41395,0.88641,1.21791,0.0035386,0.0035386,0.0035386
981,9050.26,1.01378,0.65837,1.01601,0.80267,0.67526,0.7525,0.42771,1.41437,0.88661,1.21826,0.003532,0.003532,0.003532
982,9059.43,1.02937,0.66804,1.01763,0.80097,0.67549,0.75207,0.4279,1.41504,0.88722,1.21871,0.0035254,0.0035254,0.0035254
983,9068.58,1.02047,0.6611,1.01944,0.80161,0.67487,0.75219,0.42755,1.41511,0.88768,1.21817,0.0035188,0.0035188,0.0035188
984,9077.74,1.01786,0.66111,1.01669,0.80111,0.67532,0.75191,0.4272,1.41612,0.88856,1.21876,0.0035122,0.0035122,0.0035122
985,9086.93,1.01529,0.66105,1.0162,0.7987,0.67502,0.75113,0.42703,1.417,0.88946,1.21895,0.0035056,0.0035056,0.0035056
986,9096.19,1.01092,0.65577,1.01456,0.7991,0.67441,0.75054,0.42654,1.4175,0.89019,1.21923,0.003499,0.003499,0.003499
987,9105.4,1.02011,0.66281,1.01738,0.7984,0.67437,0.75039,0.42638,1.4176,0.89013,1.21905,0.0034924,0.0034924,0.0034924
988,9114.54,1.01354,0.66031,1.0176,0.79954,0.67393,0.75021,0.42652,1.41809,0.89096,1.21931,0.0034858,0.0034858,0.0034858
989,9123.73,1.0109,0.6556,1.0157,0.79944,0.67388,0.7505,0.42644,1.41775,0.89071,1.21913,0.0034792,0.0034792,0.0034792
990,9132.89,1.00786,0.65464,1.01589,0.79772,0.67382,0.74982,0.42602,1.41904,0.89127,1.21951,0.0034726,0.0034726,0.0034726
991,9142.17,1.01316,0.65383,1.0156,0.79785,0.671,0.74949,0.42556,1.41909,0.89149,1.21946,0.003466,0.003466,0.003466
992,9151.41,1.02129,0.66239,1.01661,0.7976,0.67078,0.74896,0.42536,1.4199,0.89235,1.21991,0.0034594,0.0034594,0.0034594
993,9160.58,1.01227,0.65778,1.01454,0.79591,0.67102,0.74879,0.42525,1.41982,0.89225,1.21984,0.0034528,0.0034528,0.0034528
994,9169.76,1.01429,0.65827,1.01777,0.7956,0.67196,0.74877,0.42488,1.42098,0.89294,1.22014,0.0034462,0.0034462,0.0034462
995,9178.95,1.02076,0.66034,1.02034,0.79558,0.67183,0.74864,0.42474,1.42215,0.89353,1.22072,0.0034396,0.0034396,0.0034396
996,9188.2,1.00347,0.65692,1.01046,0.79478,0.67291,0.74831,0.42414,1.42321,0.89441,1.22113,0.003433,0.003433,0.003433
997,9197.38,1.01531,0.66331,1.02087,0.79541,0.67238,0.74898,0.42401,1.42358,0.89505,1.22118,0.0034264,0.0034264,0.0034264
998,9206.53,1.00979,0.65314,1.01391,0.79697,0.67026,0.7488,0.42391,1.42434,0.89564,1.22131,0.0034198,0.0034198,0.0034198
999,9215.75,1.01275,0.65428,1.01426,0.79611,0.67031,0.74844,0.42357,1.4257,0.89635,1.22215,0.0034132,0.0034132,0.0034132
1000,9224.93,1.00801,0.65597,1.0153,0.79599,0.67104,0.7483,0.42325,1.42617,0.89694,1.2224,0.0034066,0.0034066,0.0034066
1001,9234.19,1.0161,0.66373,1.01848,0.79705,0.66741,0.7484,0.42316,1.42684,0.8976,1.22262,0.0034,0.0034,0.0034
1002,9243.36,1.00679,0.65646,1.01405,0.79429,0.66918,0.74751,0.42269,1.42831,0.89819,1.22354,0.0033934,0.0033934,0.0033934
1003,9252.56,1.00294,0.65034,1.01354,0.79471,0.67004,0.74793,0.42262,1.42888,0.89886,1.22369,0.0033868,0.0033868,0.0033868
1004,9261.74,1.01854,0.66676,1.02053,0.79449,0.66909,0.74754,0.42232,1.42942,0.89923,1.22405,0.0033802,0.0033802,0.0033802
1005,9270.89,1.00358,0.65336,1.00921,0.79539,0.6693,0.74761,0.42218,1.43003,0.89981,1.22432,0.0033736,0.0033736,0.0033736
1006,9280.18,1.01251,0.65809,1.01789,0.79553,0.66973,0.74745,0.42185,1.43055,0.8997,1.22461,0.003367,0.003367,0.003367
1007,9289.34,1.0167,0.66174,1.0182,0.79402,0.66947,0.74771,0.42134,1.43106,0.9006,1.22471,0.0033604,0.0033604,0.0033604
1008,9298.46,0.99277,0.64668,1.00918,0.7948,0.66863,0.74752,0.42129,1.43184,0.90072,1.22499,0.0033538,0.0033538,0.0033538
1009,9307.64,1.00484,0.65075,1.0125,0.79513,0.66908,0.74794,0.4217,1.43156,0.90032,1.2247,0.0033472,0.0033472,0.0033472
1010,9316.79,1.02538,0.66109,1.01322,0.79686,0.66785,0.74834,0.42159,1.43154,0.89993,1.22464,0.0033406,0.0033406,0.0033406
1011,9326.06,1.01099,0.65599,1.01407,0.79641,0.66794,0.74809,0.42109,1.43266,0.90071,1.22485,0.003334,0.003334,0.003334
1012,9335.23,1.01863,0.66092,1.0163,0.79466,0.66834,0.74775,0.42117,1.43307,0.90122,1.22512,0.0033274,0.0033274,0.0033274
1013,9344.38,1.00146,0.65462,1.0108,0.79383,0.66911,0.74794,0.42114,1.43323,0.90104,1.22495,0.0033208,0.0033208,0.0033208
1014,9353.55,1.00636,0.656,1.01152,0.79759,0.66741,0.74811,0.42113,1.43328,0.90063,1.22511,0.0033142,0.0033142,0.0033142
1015,9362.75,1.01127,0.65531,1.01185,0.79463,0.66765,0.74735,0.42113,1.43349,0.90152,1.22512,0.0033076,0.0033076,0.0033076
1016,9372,1.02193,0.66154,1.01419,0.79302,0.66956,0.74753,0.42111,1.43377,0.90199,1.22515,0.003301,0.003301,0.003301
1017,9381.18,0.99341,0.64805,1.01353,0.79311,0.66894,0.74777,0.42087,1.43473,0.9027,1.22539,0.0032944,0.0032944,0.0032944
1018,9390.33,1.00601,0.64946,1.00723,0.79266,0.66657,0.74743,0.42037,1.43509,0.90274,1.22524,0.0032878,0.0032878,0.0032878
1019,9399.57,1.01372,0.65627,1.01937,0.79369,0.66638,0.74826,0.42055,1.43518,0.90313,1.22519,0.0032812,0.0032812,0.0032812
1020,9408.75,1.01745,0.65681,1.01214,0.79265,0.66703,0.74818,0.42019,1.43603,0.90389,1.22549,0.0032746,0.0032746,0.0032746
1021,9418,1.01929,0.66138,1.02096,0.79401,0.6674,0.74805,0.4199,1.43646,0.90414,1.22585,0.003268,0.003268,0.003268
1022,9427.17,1.00469,0.65238,1.0112,0.7943,0.66717,0.74787,0.41974,1.43752,0.90548,1.22688,0.0032614,0.0032614,0.0032614
1023,9436.34,1.00434,0.6552,1.01313,0.79537,0.66677,0.74794,0.42012,1.43718,0.90544,1.2267,0.0032548,0.0032548,0.0032548
1024,9445.54,1.01598,0.65927,1.0178,0.79246,0.66762,0.74797,0.41975,1.43822,0.90617,1.22758,0.0032482,0.0032482,0.0032482
1025,9454.75,1.01198,0.65852,1.01537,0.79577,0.66603,0.74806,0.41996,1.43816,0.90609,1.22761,0.0032416,0.0032416,0.0032416
1026,9464,1.0178,0.65715,1.01501,0.79211,0.66738,0.74787,0.41973,1.438,0.90589,1.22741,0.003235,0.003235,0.003235
1027,9473.16,1.00133,0.65099,1.01154,0.79423,0.66718,0.74824,0.41973,1.4381,0.90591,1.22719,0.0032284,0.0032284,0.0032284
1028,9482.34,0.99975,0.64806,1.00861,0.79494,0.66759,0.74844,0.41967,1.43805,0.9064,1.22715,0.0032218,0.0032218,0.0032218
1029,9491.49,0.99697,0.64794,1.00886,0.79517,0.66865,0.74872,0.41998,1.43837,0.90642,1.22745,0.0032152,0.0032152,0.0032152
1030,9500.67,0.98814,0.63841,1.00673,0.79491,0.66783,0.74893,0.42027,1.43866,0.90668,1.22777,0.0032086,0.0032086,0.0032086
1031,9509.92,1.00469,0.6523,1.01186,0.7948,0.66932,0.74905,0.42012,1.43919,0.90698,1.22797,0.003202,0.003202,0.003202
1032,9519.09,1.00539,0.65037,1.01048,0.79554,0.66858,0.74853,0.4198,1.43938,0.90676,1.22827,0.0031954,0.0031954,0.0031954
1033,9528.29,1.01729,0.65705,1.01493,0.79645,0.66727,0.74853,0.42022,1.43915,0.90722,1.22845,0.0031888,0.0031888,0.0031888
1034,9537.45,1.00964,0.65791,1.01494,0.79622,0.66665,0.74866,0.42002,1.43928,0.90778,1.22869,0.0031822,0.0031822,0.0031822
1035,9546.62,1.00711,0.65586,1.01235,0.79851,0.66635,0.74836,0.41999,1.43972,0.90857,1.22847,0.0031756,0.0031756,0.0031756
1036,9555.89,1.01879,0.65634,1.014,0.79726,0.6657,0.74805,0.42007,1.43937,0.90822,1.22837,0.003169,0.003169,0.003169
1037,9565.04,1.0072,0.65331,1.01436,0.79829,0.66463,0.74773,0.41953,1.43912,0.90838,1.228,0.0031624,0.0031624,0.0031624
1038,9574.2,1.0009,0.65065,1.00821,0.80108,0.66286,0.74856,0.41965,1.4396,0.90919,1.22835,0.0031558,0.0031558,0.0031558
1039,9583.37,0.99668,0.64712,1.00883,0.80058,0.6631,0.74852,0.41971,1.43962,0.90913,1.22846,0.0031492,0.0031492,0.0031492
1040,9592.56,0.9997,0.65051,1.01094,0.79775,0.66498,0.74809,0.41959,1.44083,0.91031,1.22902,0.0031426,0.0031426,0.0031426
1041,9601.82,1.0045,0.65338,1.01133,0.80093,0.66398,0.74893,0.41928,1.44058,0.91021,1.22858,0.003136,0.003136,0.003136
1042,9610.94,1.00337,0.64857,1.01099,0.7997,0.66484,0.74865,0.41914,1.44136,0.91027,1.22918,0.0031294,0.0031294,0.0031294
1043,9620.1,1.00227,0.6551,1.01333,0.80021,0.66559,0.74838,0.41896,1.44166,0.91187,1.22944,0.0031228,0.0031228,0.0031228
1044,9629.26,1.00954,0.65598,1.01213,0.79856,0.66482,0.74819,0.4185,1.44251,0.9128,1.22978,0.0031162,0.0031162,0.0031162
1045,9638.5,1.00891,0.65346,1.01109,0.79558,0.6684,0.74773,0.41886,1.4412,0.91258,1.22901,0.0031096,0.0031096,0.0031096
1046,9647.73,0.99531,0.64865,1.01219,0.794,0.66869,0.74728,0.4186,1.44149,0.91221,1.22922,0.003103,0.003103,0.003103
1047,9656.87,1.00878,0.65418,1.008,0.7938,0.66896,0.7474,0.4185,1.44137,0.91287,1.22885,0.0030964,0.0030964,0.0030964
1048,9666.03,1.00023,0.65253,1.01022,0.79604,0.66698,0.74732,0.41881,1.44155,0.913,1.2293,0.0030898,0.0030898,0.0030898
1049,9675.23,1.01067,0.65606,1.01574,0.79984,0.66555,0.74692,0.41854,1.44183,0.91317,1.22944,0.0030832,0.0030832,0.0030832
1050,9684.4,1.03507,0.66979,1.02105,0.79805,0.66805,0.74722,0.41824,1.44234,0.91338,1.22979,0.0030766,0.0030766,0.0030766
1051,9693.69,1.00704,0.65111,1.01125,0.7983,0.66674,0.74682,0.41807,1.4422,0.91375,1.22983,0.00307,0.00307,0.00307
1052,9702.83,0.9997,0.64957,1.01395,0.79743,0.66583,0.74669,0.4181,1.44248,0.91415,1.23028,0.0030634,0.0030634,0.0030634
1053,9711.98,0.99939,0.65106,1.01078,0.79838,0.66595,0.74681,0.41786,1.44288,0.91475,1.23042,0.0030568,0.0030568,0.0030568
1054,9721.13,1.00985,0.65238,1.0126,0.79746,0.66765,0.74668,0.41801,1.44346,0.91489,1.23094,0.0030502,0.0030502,0.0030502
1055,9730.28,1.00892,0.65485,1.01094,0.79905,0.66594,0.74668,0.41783,1.44334,0.91538,1.23073,0.0030436,0.0030436,0.0030436
1056,9739.53,1.00732,0.65549,1.01221,0.79772,0.66612,0.74668,0.41787,1.44287,0.91499,1.23044,0.003037,0.003037,0.003037
1057,9748.7,1.01003,0.65432,1.00993,0.79728,0.66699,0.74708,0.41842,1.44282,0.91464,1.23052,0.0030304,0.0030304,0.0030304
1058,9757.89,1.00041,0.64782,1.01091,0.79777,0.6667,0.74746,0.41877,1.44256,0.91504,1.23029,0.0030238,0.0030238,0.0030238
1059,9767.07,0.98907,0.64817,1.01058,0.79797,0.66589,0.74665,0.41831,1.44282,0.915,1.23055,0.0030172,0.0030172,0.0030172
1060,9776.24,1.01739,0.65633,1.01259,0.79699,0.66559,0.74653,0.41807,1.44287,0.91459,1.23037,0.0030106,0.0030106,0.0030106
1061,9785.49,1.00438,0.65106,1.01123,0.79733,0.66642,0.74741,0.41855,1.44341,0.91493,1.23063,0.003004,0.003004,0.003004
1062,9794.64,0.99596,0.64715,1.00612,0.7958,0.66697,0.74728,0.41805,1.44354,0.91539,1.2305,0.0029974,0.0029974,0.0029974
1063,9803.83,1.00903,0.65357,1.01499,0.79487,0.66694,0.74728,0.41817,1.44319,0.91536,1.23032,0.0029908,0.0029908,0.0029908
1064,9813.03,1.00327,0.6509,1.01229,0.79485,0.66765,0.74736,0.41813,1.44358,0.91523,1.23045,0.0029842,0.0029842,0.0029842
1065,9822.2,1.00131,0.6472,1.00565,0.79509,0.66837,0.74811,0.41849,1.44358,0.91597,1.23062,0.0029776,0.0029776,0.0029776
1066,9831.46,1.01046,0.65249,1.01301,0.79503,0.66815,0.74753,0.41801,1.44446,0.91704,1.2313,0.002971,0.002971,0.002971
1067,9840.62,1.00369,0.6529,1.00859,0.79417,0.66642,0.74639,0.4176,1.44472,0.91721,1.23129,0.0029644,0.0029644,0.0029644
1068,9849.78,0.99478,0.65232,1.01112,0.79416,0.66767,0.7471,0.41807,1.4448,0.91746,1.2315,0.0029578,0.0029578,0.0029578
1069,9858.95,1.00862,0.65394,1.01001,0.79585,0.66788,0.74804,0.41826,1.44433,0.91709,1.23108,0.0029512,0.0029512,0.0029512
1070,9868.09,0.99983,0.64906,1.00702,0.79371,0.66905,0.74822,0.41831,1.44444,0.91738,1.23132,0.0029446,0.0029446,0.0029446
1071,9877.34,0.99121,0.64375,1.00781,0.79227,0.66887,0.74787,0.41822,1.44455,0.91726,1.23133,0.002938,0.002938,0.002938
1072,9886.5,1.00552,0.65257,1.00921,0.79284,0.66915,0.74759,0.41818,1.44511,0.91683,1.23164,0.0029314,0.0029314,0.0029314
1073,9895.65,1.00972,0.65309,1.01068,0.7933,0.66874,0.74763,0.41857,1.44569,0.91741,1.23233,0.0029248,0.0029248,0.0029248
1074,9904.79,0.99047,0.64537,1.01042,0.7902,0.6688,0.74713,0.41785,1.4462,0.91785,1.23267,0.0029182,0.0029182,0.0029182
1075,9913.96,1.01314,0.65787,1.01579,0.79072,0.66822,0.74713,0.41788,1.44694,0.91857,1.23284,0.0029116,0.0029116,0.0029116
1076,9923.26,1.00545,0.65516,1.01477,0.79528,0.66499,0.74692,0.41811,1.44694,0.91869,1.23287,0.002905,0.002905,0.002905
1077,9932.46,0.99194,0.64366,1.00658,0.79253,0.66607,0.74593,0.41773,1.44744,0.91932,1.23327,0.0028984,0.0028984,0.0028984
1078,9941.63,1.01329,0.65893,1.01115,0.79354,0.66454,0.74564,0.41743,1.44781,0.91949,1.23338,0.0028918,0.0028918,0.0028918
1079,9950.77,1.00501,0.6535,1.01157,0.79191,0.66492,0.74542,0.41723,1.44816,0.92009,1.2339,0.0028852,0.0028852,0.0028852
1080,9959.97,1.00772,0.6508,1.01173,0.79277,0.66393,0.74519,0.41698,1.44892,0.92108,1.23462,0.0028786,0.0028786,0.0028786
1081,9969.23,1.01962,0.65521,1.01169,0.79308,0.6628,0.74567,0.4172,1.44939,0.9223,1.23525,0.002872,0.002872,0.002872
1082,9978.38,1.00505,0.64987,1.01164,0.79344,0.66329,0.74595,0.41692,1.45025,0.92233,1.23537,0.0028654,0.0028654,0.0028654
1083,9987.53,0.9944,0.64389,1.0085,0.79213,0.66303,0.74554,0.41678,1.45037,0.92274,1.23555,0.0028588,0.0028588,0.0028588
1084,9996.7,0.98957,0.64569,1.00857,0.79284,0.66349,0.74577,0.41668,1.45011,0.92205,1.23481,0.0028522,0.0028522,0.0028522
1085,10005.9,1.00884,0.65315,1.01122,0.79315,0.66299,0.7463,0.41655,1.45004,0.92207,1.23475,0.0028456,0.0028456,0.0028456
1086,10015.2,1.00338,0.6493,1.0127,0.79326,0.66256,0.74633,0.41679,1.4504,0.92294,1.23522,0.002839,0.002839,0.002839
1087,10024.3,0.99293,0.64377,1.00605,0.79228,0.66132,0.74551,0.41678,1.45027,0.92285,1.23565,0.0028324,0.0028324,0.0028324
1088,10033.5,0.99601,0.64822,1.01033,0.79322,0.6612,0.74579,0.41704,1.45031,0.92341,1.23606,0.0028258,0.0028258,0.0028258
1089,10042.6,1.01016,0.65378,1.01154,0.7928,0.66103,0.74515,0.41687,1.45007,0.92333,1.23552,0.0028192,0.0028192,0.0028192
1090,10051.8,0.98484,0.63893,1.00409,0.79369,0.65982,0.74516,0.41647,1.45081,0.924,1.23579,0.0028126,0.0028126,0.0028126
1091,10061.1,1.0021,0.64998,1.007,0.79507,0.65812,0.7445,0.41665,1.45027,0.92382,1.23576,0.002806,0.002806,0.002806
1092,10070.3,0.99227,0.64544,1.00862,0.79226,0.65802,0.7441,0.41687,1.45093,0.92439,1.23622,0.0027994,0.0027994,0.0027994
1093,10079.4,1.00958,0.65388,1.01267,0.79491,0.65703,0.74461,0.41708,1.4499,0.92419,1.23572,0.0027928,0.0027928,0.0027928
1094,10088.6,1.00243,0.64805,1.00819,0.79256,0.65747,0.74446,0.41728,1.45062,0.92463,1.23621,0.0027862,0.0027862,0.0027862
1095,10097.8,1.01105,0.65203,1.0099,0.79399,0.65615,0.74369,0.41725,1.44991,0.92394,1.23561,0.0027796,0.0027796,0.0027796
1096,10107.1,0.98568,0.64134,1.00734,0.7948,0.65602,0.74395,0.41686,1.45063,0.92512,1.23591,0.002773,0.002773,0.002773
1097,10116.2,1.01235,0.65555,1.01033,0.79372,0.65589,0.74361,0.41712,1.45031,0.92489,1.23557,0.0027664,0.0027664,0.0027664
1098,10125.4,1.00207,0.65027,1.00832,0.79396,0.6554,0.74296,0.41611,1.45178,0.92575,1.23639,0.0027598,0.0027598,0.0027598
1099,10134.6,0.99975,0.64891,1.0062,0.79377,0.65599,0.74318,0.41661,1.45181,0.92591,1.23622,0.0027532,0.0027532,0.0027532
1100,10143.8,0.99966,0.64919,1.00776,0.79446,0.65612,0.74324,0.41658,1.45233,0.92637,1.23667,0.0027466,0.0027466,0.0027466
1101,10153,0.98951,0.64468,1.00803,0.79437,0.65626,0.7433,0.41587,1.45284,0.9262,1.23694,0.00274,0.00274,0.00274
1102,10162.2,1.00631,0.64899,1.01095,0.79114,0.65717,0.74276,0.41615,1.45373,0.92741,1.23759,0.0027334,0.0027334,0.0027334
1103,10171.4,0.99861,0.64766,1.00534,0.79293,0.65711,0.74348,0.41589,1.45408,0.92803,1.23788,0.0027268,0.0027268,0.0027268
1104,10180.6,0.989,0.64108,1.00306,0.79331,0.65749,0.74359,0.41566,1.45486,0.92816,1.23843,0.0027202,0.0027202,0.0027202
1105,10189.7,0.97897,0.63861,1.00511,0.7948,0.65829,0.74401,0.41563,1.45449,0.9279,1.23803,0.0027136,0.0027136,0.0027136
1106,10199,0.99577,0.64622,1.00949,0.79161,0.65934,0.74376,0.4157,1.455,0.92802,1.23856,0.002707,0.002707,0.002707
1107,10208.2,0.99997,0.64885,1.00547,0.7954,0.65787,0.74391,0.41561,1.45452,0.92735,1.23797,0.0027004,0.0027004,0.0027004
1108,10217.4,1.0124,0.65471,1.01502,0.79303,0.65828,0.74382,0.41554,1.45516,0.92795,1.23838,0.0026938,0.0026938,0.0026938
1109,10226.6,1.00311,0.64805,1.01011,0.79246,0.6573,0.74336,0.41551,1.45511,0.92841,1.23845,0.0026872,0.0026872,0.0026872
1110,10235.8,0.99112,0.64453,1.0045,0.79222,0.65766,0.74348,0.41568,1.45482,0.92821,1.23812,0.0026806,0.0026806,0.0026806
1111,10245.1,0.99492,0.64673,1.00778,0.792,0.65749,0.74359,0.41567,1.45499,0.92814,1.23792,0.002674,0.002674,0.002674
1112,10254.2,0.99299,0.64635,1.00793,0.79028,0.65712,0.74267,0.4147,1.45587,0.92876,1.23834,0.0026674,0.0026674,0.0026674
1113,10263.3,0.98977,0.64425,1.00754,0.79263,0.65744,0.74315,0.4151,1.45637,0.92825,1.23825,0.0026608,0.0026608,0.0026608
1114,10272.5,1.00633,0.64924,1.0123,0.79144,0.6572,0.74264,0.41455,1.45787,0.92979,1.23869,0.0026542,0.0026542,0.0026542
1115,10281.7,0.99586,0.64522,1.00751,0.79108,0.65793,0.74254,0.41389,1.45868,0.93058,1.23935,0.0026476,0.0026476,0.0026476
1116,10291,0.9884,0.64284,1.00503,0.79196,0.65812,0.74299,0.41388,1.4595,0.93086,1.2397,0.002641,0.002641,0.002641
1117,10300.2,1.00104,0.64629,1.00862,0.79208,0.65804,0.74292,0.41436,1.45954,0.93126,1.2399,0.0026344,0.0026344,0.0026344
1118,10309.4,0.99658,0.64726,1.00548,0.79295,0.65811,0.74276,0.41402,1.46047,0.93171,1.24053,0.0026278,0.0026278,0.0026278
1119,10318.5,0.99398,0.64359,1.01081,0.79316,0.65733,0.74274,0.41395,1.46002,0.93175,1.24006,0.0026212,0.0026212,0.0026212
1120,10327.7,1.00904,0.65107,1.01345,0.79142,0.65882,0.7425,0.41376,1.46079,0.93257,1.2403,0.0026146,0.0026146,0.0026146
1121,10336.9,0.99431,0.64586,1.00979,0.78961,0.65828,0.74164,0.4138,1.46148,0.9335,1.24077,0.002608,0.002608,0.002608
1122,10346.1,0.98671,0.63773,1.00359,0.79136,0.65984,0.74272,0.41308,1.46252,0.93429,1.24138,0.0026014,0.0026014,0.0026014
1123,10355.3,0.99786,0.6455,1.00685,0.79141,0.65805,0.74207,0.41284,1.46343,0.93529,1.24168,0.0025948,0.0025948,0.0025948
1124,10364.4,0.99879,0.64659,1.00845,0.79124,0.6584,0.74198,0.41241,1.46461,0.93597,1.24214,0.0025882,0.0025882,0.0025882
1125,10373.6,1.00756,0.65188,1.00815,0.78906,0.65877,0.74169,0.41188,1.46549,0.93697,1.24262,0.0025816,0.0025816,0.0025816
1126,10382.9,0.98715,0.63607,1.00156,0.78997,0.65788,0.74122,0.41164,1.46653,0.93767,1.24328,0.002575,0.002575,0.002575
1127,10392.1,1.01051,0.65242,1.00784,0.78766,0.65918,0.74013,0.41183,1.46605,0.93744,1.24275,0.0025684,0.0025684,0.0025684
1128,10401.3,0.99512,0.64552,1.00801,0.78472,0.66012,0.74039,0.41151,1.46679,0.93879,1.24322,0.0025618,0.0025618,0.0025618
1129,10410.4,0.98772,0.63739,1.00285,0.78586,0.65981,0.74083,0.41166,1.46695,0.93869,1.24335,0.0025552,0.0025552,0.0025552
1130,10419.6,0.9955,0.64345,1.00442,0.78515,0.65963,0.74084,0.41186,1.46685,0.9383,1.2434,0.0025486,0.0025486,0.0025486
1131,10428.9,0.99306,0.65137,1.00953,0.78653,0.65867,0.74066,0.41175,1.46693,0.93795,1.24332,0.002542,0.002542,0.002542
1132,10438.1,0.99946,0.64364,1.00488,0.78601,0.65879,0.74072,0.41165,1.46756,0.93797,1.24377,0.0025354,0.0025354,0.0025354
1133,10447.3,0.99687,0.64802,1.00962,0.78502,0.65933,0.74093,0.41147,1.46696,0.93806,1.24344,0.0025288,0.0025288,0.0025288
1134,10456.5,0.99513,0.64465,1.00889,0.78372,0.65891,0.74055,0.41141,1.46656,0.93786,1.24338,0.0025222,0.0025222,0.0025222
1135,10465.6,0.98746,0.6426,1.00563,0.78174,0.66104,0.74073,0.41155,1.46675,0.93817,1.24321,0.0025156,0.0025156,0.0025156
1136,10474.9,1.004,0.64823,1.00834,0.77981,0.66141,0.74061,0.41103,1.46693,0.93856,1.24333,0.002509,0.002509,0.002509
1137,10484.1,0.98743,0.64368,1.0108,0.78007,0.66183,0.74058,0.41104,1.46683,0.93839,1.24343,0.0025024,0.0025024,0.0025024
1138,10493.2,0.98961,0.6442,1.00555,0.77943,0.66191,0.74061,0.41175,1.46646,0.93889,1.24324,0.0024958,0.0024958,0.0024958
1139,10502.4,0.98621,0.638,1.00539,0.78027,0.66149,0.74112,0.41179,1.46636,0.93927,1.24305,0.0024892,0.0024892,0.0024892
1140,10511.6,0.98894,0.64283,1.0044,0.77977,0.66235,0.74029,0.41165,1.46657,0.93987,1.24335,0.0024826,0.0024826,0.0024826
1141,10520.8,0.99069,0.64157,1.00785,0.77965,0.6619,0.74051,0.41155,1.46721,0.93997,1.24364,0.002476,0.002476,0.002476
1142,10530,0.9974,0.65013,1.01152,0.77921,0.66166,0.74014,0.41106,1.46882,0.94088,1.24456,0.0024694,0.0024694,0.0024694
1143,10539.1,1.00463,0.65028,1.00617,0.77866,0.66348,0.73984,0.4114,1.46877,0.94174,1.24447,0.0024628,0.0024628,0.0024628
1144,10548.3,1.00888,0.65509,1.00735,0.7809,0.66046,0.73988,0.41073,1.46863,0.94211,1.24465,0.0024562,0.0024562,0.0024562
1145,10557.4,0.98846,0.64547,1.00627,0.77751,0.66282,0.7399,0.41101,1.46799,0.94203,1.24428,0.0024496,0.0024496,0.0024496
1146,10566.7,0.98423,0.64071,1.00585,0.77792,0.66242,0.73952,0.41063,1.46872,0.94322,1.24476,0.002443,0.002443,0.002443
1147,10575.9,0.98499,0.63948,1.00323,0.77878,0.66325,0.73944,0.41099,1.46888,0.94402,1.2449,0.0024364,0.0024364,0.0024364
1148,10585,0.9993,0.64724,1.00437,0.77884,0.66335,0.73929,0.41041,1.4698,0.94556,1.24566,0.0024298,0.0024298,0.0024298
1149,10594.3,0.9912,0.64087,1.00068,0.77951,0.66312,0.73928,0.4105,1.46959,0.94562,1.2453,0.0024232,0.0024232,0.0024232
1150,10603.4,0.99821,0.6463,1.00743,0.77911,0.66434,0.73921,0.41048,1.46997,0.94642,1.24562,0.0024166,0.0024166,0.0024166
1151,10612.7,0.99367,0.65252,1.00936,0.77724,0.66397,0.73928,0.41072,1.46968,0.94606,1.24551,0.00241,0.00241,0.00241
1152,10621.8,0.98664,0.64126,1.00412,0.77777,0.66425,0.739,0.41024,1.47054,0.94679,1.24627,0.0024034,0.0024034,0.0024034
1153,10631,1.00498,0.65077,1.01019,0.77697,0.66551,0.73907,0.41043,1.47058,0.94658,1.24578,0.0023968,0.0023968,0.0023968
1154,10640.1,0.98872,0.64278,1.00649,0.77764,0.66509,0.73906,0.41017,1.47097,0.94734,1.24599,0.0023902,0.0023902,0.0023902
1155,10649.3,1.00003,0.64378,1.00668,0.77687,0.66468,0.73948,0.41048,1.47,0.94676,1.24521,0.0023836,0.0023836,0.0023836
1156,10658.6,0.99307,0.64435,1.00295,0.77651,0.66612,0.7397,0.41032,1.46951,0.94612,1.24467,0.002377,0.002377,0.002377
1157,10667.8,0.98304,0.63903,1.003,0.77681,0.66537,0.73989,0.41068,1.46861,0.94578,1.24373,0.0023704,0.0023704,0.0023704
1158,10677,1.00654,0.65573,1.01404,0.77716,0.66616,0.73995,0.41039,1.4685,0.9461,1.24383,0.0023638,0.0023638,0.0023638
1159,10686.2,0.99847,0.65051,1.0095,0.77741,0.66589,0.73972,0.41014,1.46857,0.94675,1.24399,0.0023572,0.0023572,0.0023572
1160,10695.4,0.987,0.64023,1.00367,0.77774,0.66511,0.73982,0.41005,1.46867,0.94728,1.24396,0.0023506,0.0023506,0.0023506
1161,10704.6,0.98437,0.6406,1.00503,0.77735,0.66597,0.74038,0.4107,1.46804,0.94633,1.24362,0.002344,0.002344,0.002344
1162,10713.8,0.98762,0.64211,1.00185,0.77751,0.66596,0.74021,0.4105,1.46828,0.94702,1.24406,0.0023374,0.0023374,0.0023374
1163,10723,0.99797,0.64869,1.00751,0.77809,0.66543,0.74054,0.41121,1.46712,0.94666,1.24386,0.0023308,0.0023308,0.0023308
1164,10732.1,0.99896,0.64801,1.00949,0.77858,0.66538,0.73979,0.41093,1.46726,0.94682,1.24384,0.0023242,0.0023242,0.0023242
1165,10741.3,0.99866,0.65274,1.0082,0.77773,0.66577,0.7404,0.41079,1.46722,0.94735,1.24377,0.0023176,0.0023176,0.0023176
1166,10750.6,0.98395,0.63937,1.0028,0.78059,0.66434,0.74053,0.41083,1.46661,0.94677,1.24353,0.002311,0.002311,0.002311
1167,10759.7,0.99282,0.64358,1.00821,0.77926,0.66571,0.74077,0.41089,1.4658,0.94642,1.24314,0.0023044,0.0023044,0.0023044
1168,10768.9,0.99905,0.65076,1.00768,0.77719,0.66676,0.74041,0.41079,1.46633,0.94658,1.24352,0.0022978,0.0022978,0.0022978
1169,10778.1,0.99529,0.64331,1.00328,0.77727,0.66669,0.741,0.41112,1.46492,0.94612,1.24283,0.0022912,0.0022912,0.0022912
1170,10787.3,0.97809,0.63341,1.00192,0.77663,0.66597,0.74016,0.411,1.46515,0.94617,1.24311,0.0022846,0.0022846,0.0022846
1171,10796.5,0.97452,0.63737,1.0049,0.77648,0.66591,0.7402,0.41127,1.46516,0.94636,1.24311,0.002278,0.002278,0.002278
1172,10805.7,0.98196,0.64025,1.00716,0.77712,0.6654,0.73997,0.41103,1.46507,0.94617,1.24351,0.0022714,0.0022714,0.0022714
1173,10814.9,0.98197,0.6378,1.00173,0.77658,0.66605,0.73982,0.41052,1.46538,0.94677,1.24349,0.0022648,0.0022648,0.0022648
1174,10824,0.98177,0.63973,1.00455,0.77945,0.66556,0.74014,0.41062,1.46578,0.94669,1.24387,0.0022582,0.0022582,0.0022582
1175,10833.2,0.99541,0.64642,1.01134,0.7779,0.66609,0.74022,0.41032,1.4661,0.94714,1.24397,0.0022516,0.0022516,0.0022516
1176,10842.4,0.99078,0.63849,1.00125,0.77716,0.666,0.74006,0.41072,1.46633,0.94681,1.24439,0.002245,0.002245,0.002245
1177,10851.7,0.99772,0.64593,1.00784,0.77685,0.66561,0.73987,0.41042,1.46658,0.94717,1.24475,0.0022384,0.0022384,0.0022384
1178,10860.8,0.9951,0.64305,1.00403,0.7748,0.66617,0.73982,0.41085,1.46651,0.94662,1.245,0.0022318,0.0022318,0.0022318
1179,10870,0.98095,0.63535,0.99956,0.77627,0.6659,0.73991,0.41085,1.46566,0.9457,1.24477,0.0022252,0.0022252,0.0022252
1180,10879.1,0.98886,0.64172,1.00651,0.77809,0.66369,0.73993,0.41064,1.46647,0.94597,1.2453,0.0022186,0.0022186,0.0022186
1181,10888.4,0.98945,0.63928,1.00266,0.77705,0.66438,0.73991,0.41064,1.46644,0.94677,1.24528,0.002212,0.002212,0.002212
1182,10897.6,0.99585,0.64328,1.00336,0.77492,0.66468,0.73943,0.41021,1.468,0.94813,1.24632,0.0022054,0.0022054,0.0022054
1183,10906.8,0.98534,0.64085,1.0012,0.77497,0.66463,0.73937,0.41028,1.4679,0.94825,1.24597,0.0021988,0.0021988,0.0021988
1184,10915.9,0.9843,0.63691,1.0012,0.77505,0.66402,0.73945,0.41002,1.46738,0.94751,1.24564,0.0021922,0.0021922,0.0021922
1185,10925.1,0.97674,0.63541,1.00408,0.77613,0.66456,0.73936,0.40996,1.46738,0.94823,1.24574,0.0021856,0.0021856,0.0021856
1186,10934.4,0.99822,0.63957,0.99774,0.77594,0.66429,0.73891,0.40984,1.46723,0.94855,1.2459,0.002179,0.002179,0.002179
1187,10943.6,0.97471,0.63548,1.00391,0.77406,0.66397,0.73862,0.40984,1.46727,0.94904,1.24607,0.0021724,0.0021724,0.0021724
1188,10952.8,0.98718,0.6348,1.00062,0.77427,0.66397,0.73857,0.40946,1.46824,0.94931,1.24718,0.0021658,0.0021658,0.0021658
1189,10962,0.98297,0.64055,1.00451,0.77563,0.66287,0.73896,0.40993,1.46779,0.94924,1.24701,0.0021592,0.0021592,0.0021592
1190,10971.1,0.98233,0.63787,1.00061,0.77608,0.66237,0.73868,0.40942,1.46846,0.94994,1.24752,0.0021526,0.0021526,0.0021526
1191,10980.4,0.97761,0.63541,1.00204,0.77725,0.6611,0.73897,0.40924,1.46812,0.95038,1.2474,0.002146,0.002146,0.002146
1192,10989.5,0.98456,0.63862,1.00801,0.7768,0.65893,0.73844,0.40863,1.46896,0.95128,1.24812,0.0021394,0.0021394,0.0021394
1193,10998.7,0.99018,0.64183,1.00471,0.7758,0.66083,0.73805,0.40864,1.46917,0.95195,1.24819,0.0021328,0.0021328,0.0021328
1194,11007.9,0.99291,0.64518,1.00551,0.77534,0.65763,0.73785,0.40825,1.46969,0.9535,1.24848,0.0021262,0.0021262,0.0021262
1195,11017.1,0.98087,0.6382,1.00366,0.77572,0.65644,0.73738,0.40836,1.47044,0.95443,1.24887,0.0021196,0.0021196,0.0021196
1196,11026.4,0.99111,0.64288,1.00608,0.7753,0.65736,0.73757,0.40828,1.4703,0.95424,1.24878,0.002113,0.002113,0.002113
1197,11035.6,0.97285,0.63228,1.00393,0.77532,0.6575,0.73713,0.408,1.47078,0.95464,1.24925,0.0021064,0.0021064,0.0021064
1198,11044.8,0.98784,0.63949,1.00339,0.77642,0.65554,0.7371,0.40807,1.47128,0.95526,1.24928,0.0020998,0.0020998,0.0020998
1199,11054,0.98543,0.63779,1.00413,0.77672,0.65533,0.7369,0.40808,1.47217,0.957,1.2503,0.0020932,0.0020932,0.0020932
1200,11063.2,0.97798,0.63917,1.00352,0.77753,0.65474,0.73666,0.40783,1.47307,0.95806,1.25107,0.0020866,0.0020866,0.0020866
1201,11072.5,0.99089,0.64437,1.00537,0.77603,0.65401,0.73637,0.40795,1.4728,0.95773,1.25072,0.00208,0.00208,0.00208
1202,11081.6,0.98181,0.64131,1.00205,0.77639,0.65443,0.73648,0.40805,1.47336,0.9577,1.25076,0.0020734,0.0020734,0.0020734
1203,11090.8,0.98391,0.64077,0.99938,0.77766,0.65401,0.73677,0.4075,1.47399,0.95722,1.25096,0.0020668,0.0020668,0.0020668
1204,11100,0.98027,0.6351,0.99745,0.77514,0.65487,0.73644,0.40738,1.47436,0.95792,1.25121,0.0020602,0.0020602,0.0020602
1205,11109.2,0.98384,0.63999,1.00354,0.77446,0.65528,0.7364,0.40753,1.47417,0.95767,1.25114,0.0020536,0.0020536,0.0020536
1206,11118.4,0.98718,0.64336,1.00276,0.7767,0.65138,0.73619,0.40744,1.47387,0.95759,1.25132,0.002047,0.002047,0.002047
1207,11127.7,0.98789,0.6379,1.0029,0.77725,0.65062,0.73649,0.40756,1.47304,0.95694,1.2508,0.0020404,0.0020404,0.0020404
1208,11136.8,0.98557,0.63802,1.00201,0.77657,0.65113,0.73654,0.40714,1.47422,0.9575,1.25162,0.0020338,0.0020338,0.0020338
1209,11145.9,1.00315,0.64948,1.01013,0.77749,0.65033,0.73619,0.40738,1.47431,0.95736,1.25186,0.0020272,0.0020272,0.0020272
1210,11155.1,0.98264,0.63879,1.00065,0.77449,0.65183,0.73599,0.40654,1.47558,0.95836,1.25256,0.0020206,0.0020206,0.0020206
1211,11164.3,0.98132,0.63505,1.00136,0.77791,0.64999,0.73602,0.40648,1.47551,0.95916,1.25251,0.002014,0.002014,0.002014
1212,11173.4,0.97942,0.63636,1.00205,0.77696,0.65192,0.73587,0.40608,1.47612,0.95944,1.25249,0.0020074,0.0020074,0.0020074
1213,11182.6,0.98903,0.63895,1.00027,0.78248,0.64679,0.7353,0.40619,1.47554,0.96011,1.25247,0.0020008,0.0020008,0.0020008
1214,11191.8,0.99175,0.64119,0.99885,0.78063,0.6471,0.73483,0.40566,1.47622,0.96061,1.25266,0.0019942,0.0019942,0.0019942
1215,11201,0.98107,0.63985,1.0039,0.78288,0.64474,0.73506,0.40571,1.47496,0.96042,1.25218,0.0019876,0.0019876,0.0019876
1216,11210.2,0.98659,0.64118,1.00183,0.78054,0.64668,0.73464,0.40539,1.4757,0.96082,1.2525,0.001981,0.001981,0.001981
1217,11219.4,0.97351,0.63369,0.99896,0.7819,0.64305,0.73465,0.40512,1.47623,0.96089,1.25251,0.0019744,0.0019744,0.0019744
1218,11228.6,0.98745,0.63913,1.00505,0.78537,0.64178,0.73482,0.40474,1.47656,0.9617,1.25248,0.0019678,0.0019678,0.0019678
1219,11237.8,0.9859,0.63971,1.00393,0.78474,0.64144,0.73468,0.40447,1.47736,0.96275,1.25307,0.0019612,0.0019612,0.0019612
1220,11247,0.98079,0.63865,1.00239,0.78394,0.64156,0.73445,0.40412,1.47852,0.9647,1.25384,0.0019546,0.0019546,0.0019546
1221,11256.2,0.9687,0.62929,0.99705,0.78147,0.64285,0.73387,0.40395,1.47908,0.96582,1.25419,0.001948,0.001948,0.001948
1222,11265.4,0.98191,0.63603,1.00056,0.7797,0.64457,0.73331,0.40376,1.47947,0.96596,1.25428,0.0019414,0.0019414,0.0019414
1223,11274.5,0.96959,0.63209,0.99621,0.78071,0.64396,0.73402,0.40422,1.47908,0.96593,1.25388,0.0019348,0.0019348,0.0019348
1224,11283.7,0.97908,0.63743,1.00388,0.7811,0.64283,0.73368,0.40377,1.47959,0.96728,1.25483,0.0019282,0.0019282,0.0019282
1225,11292.8,0.97579,0.63361,0.99871,0.78056,0.64224,0.73336,0.40385,1.48046,0.96868,1.25521,0.0019216,0.0019216,0.0019216
1226,11302.1,0.98503,0.64328,1.00687,0.78045,0.64248,0.73364,0.4035,1.48017,0.96929,1.25516,0.001915,0.001915,0.001915
1227,11311.3,0.98321,0.6353,1.00183,0.78164,0.64239,0.73311,0.40376,1.48063,0.97023,1.25553,0.0019084,0.0019084,0.0019084
1228,11320.5,0.98608,0.63713,0.99996,0.78257,0.64162,0.73325,0.40321,1.48186,0.9716,1.2563,0.0019018,0.0019018,0.0019018
1229,11329.6,0.967,0.62858,1.00181,0.78475,0.64141,0.73292,0.40296,1.48294,0.97269,1.25657,0.0018952,0.0018952,0.0018952
1230,11338.8,0.96654,0.63257,0.99918,0.7838,0.6413,0.73237,0.40267,1.48407,0.97395,1.25718,0.0018886,0.0018886,0.0018886
1231,11348,0.96904,0.63047,0.99735,0.77983,0.64245,0.73198,0.40203,1.48465,0.97548,1.25739,0.001882,0.001882,0.001882
1232,11357.2,0.99301,0.64316,1.00271,0.77917,0.6446,0.7314,0.40174,1.48531,0.97691,1.25776,0.0018754,0.0018754,0.0018754
1233,11366.4,0.9896,0.6369,0.9993,0.7791,0.64099,0.73088,0.40155,1.48534,0.97751,1.25771,0.0018688,0.0018688,0.0018688
1234,11375.5,0.98093,0.63533,0.99937,0.78247,0.63862,0.731,0.40134,1.48561,0.97808,1.25807,0.0018622,0.0018622,0.0018622
1235,11384.7,0.98585,0.63567,1.00052,0.78154,0.63812,0.72898,0.40116,1.48551,0.97863,1.25806,0.0018556,0.0018556,0.0018556
1236,11393.9,0.98124,0.63755,1.00188,0.78047,0.63783,0.72933,0.40065,1.48656,0.9799,1.25854,0.001849,0.001849,0.001849
1237,11403.1,0.97914,0.63471,1.00149,0.77821,0.64151,0.72912,0.40049,1.48716,0.98119,1.25888,0.0018424,0.0018424,0.0018424
1238,11412.3,0.9728,0.62953,0.99897,0.7771,0.64168,0.72911,0.40043,1.4876,0.98197,1.25958,0.0018358,0.0018358,0.0018358
1239,11421.4,0.98278,0.63755,1.00169,0.77434,0.64451,0.72877,0.39986,1.4882,0.98378,1.25987,0.0018292,0.0018292,0.0018292
1240,11430.6,0.97588,0.63483,0.99752,0.77201,0.64422,0.72832,0.39951,1.48913,0.98405,1.26026,0.0018226,0.0018226,0.0018226
1241,11439.9,0.98951,0.63757,1.00137,0.7771,0.64078,0.72802,0.39889,1.49066,0.98598,1.26091,0.001816,0.001816,0.001816
1242,11449.1,0.96203,0.63041,0.99988,0.77616,0.64022,0.72754,0.3988,1.49162,0.98768,1.26135,0.0018094,0.0018094,0.0018094
1243,11458.2,0.98408,0.63497,1.00176,0.77477,0.63946,0.72674,0.39801,1.49228,0.98904,1.26163,0.0018028,0.0018028,0.0018028
1244,11467.4,0.98797,0.64083,1.00257,0.77364,0.64015,0.72669,0.39779,1.49363,0.98949,1.26218,0.0017962,0.0017962,0.0017962
1245,11476.6,0.98213,0.63852,1.00281,0.76496,0.64503,0.72602,0.3972,1.49459,0.99233,1.26299,0.0017896,0.0017896,0.0017896
1246,11485.8,0.99603,0.6432,1.00195,0.76182,0.64617,0.72566,0.39676,1.49562,0.99323,1.26353,0.001783,0.001783,0.001783
1247,11495,0.96347,0.6329,1.00204,0.76165,0.64626,0.72547,0.39643,1.49662,0.99505,1.26395,0.0017764,0.0017764,0.0017764
1248,11504.2,0.9929,0.64049,0.99933,0.76275,0.64417,0.72462,0.39568,1.4979,0.99692,1.26488,0.0017698,0.0017698,0.0017698
1249,11513.4,0.96403,0.6243,0.99445,0.75907,0.64501,0.72335,0.3951,1.49927,0.99974,1.26569,0.0017632,0.0017632,0.0017632
1250,11522.5,0.98059,0.63621,1.0025,0.76119,0.64273,0.72304,0.39466,1.49934,1.00048,1.26591,0.0017566,0.0017566,0.0017566
1251,11531.8,0.99641,0.63869,1.00163,0.76201,0.64347,0.72294,0.39477,1.49908,1.00018,1.26627,0.00175,0.00175,0.00175
1252,11541,0.96954,0.63134,1.00103,0.76106,0.64325,0.72262,0.39473,1.49998,1.00098,1.26698,0.0017434,0.0017434,0.0017434
1253,11550.2,0.97081,0.63309,0.99884,0.75595,0.64648,0.72325,0.3948,1.49974,1.00133,1.26719,0.0017368,0.0017368,0.0017368
1254,11559.4,0.98288,0.63237,0.99959,0.75914,0.64444,0.72295,0.39454,1.50029,1.00244,1.26737,0.0017302,0.0017302,0.0017302
1255,11568.6,0.96163,0.62915,0.99634,0.76072,0.64292,0.72289,0.3943,1.50052,1.00325,1.26747,0.0017236,0.0017236,0.0017236
1256,11577.8,0.98013,0.63466,1.00318,0.759,0.64277,0.72227,0.39382,1.50152,1.0044,1.26804,0.001717,0.001717,0.001717
1257,11587,0.98774,0.63896,1.00048,0.75937,0.64139,0.72181,0.3934,1.50261,1.00628,1.26863,0.0017104,0.0017104,0.0017104
1258,11596.2,0.98554,0.64002,1.00487,0.75995,0.64182,0.72184,0.39319,1.50367,1.00795,1.26902,0.0017038,0.0017038,0.0017038
1259,11605.3,0.96153,0.62174,0.99117,0.75605,0.64355,0.72107,0.39253,1.50504,1.01162,1.26957,0.0016972,0.0016972,0.0016972
1260,11614.5,0.98493,0.63903,1.00629,0.7558,0.64233,0.72099,0.392,1.5058,1.01243,1.26985,0.0016906,0.0016906,0.0016906
1261,11623.8,0.97174,0.63304,1.00044,0.75608,0.64337,0.72055,0.39143,1.50694,1.01435,1.27082,0.001684,0.001684,0.001684
1262,11632.9,0.97363,0.62926,0.99849,0.75403,0.64333,0.72026,0.39111,1.50743,1.01521,1.27109,0.0016774,0.0016774,0.0016774
1263,11642.1,0.97171,0.63121,0.99998,0.7559,0.64325,0.7206,0.39083,1.50847,1.0161,1.27138,0.0016708,0.0016708,0.0016708
1264,11651.3,0.9877,0.63748,0.99893,0.75635,0.64301,0.72014,0.39065,1.50861,1.01701,1.27136,0.0016642,0.0016642,0.0016642
1265,11660.4,0.98195,0.63588,0.99986,0.75325,0.64273,0.71902,0.38982,1.5093,1.01904,1.27188,0.0016576,0.0016576,0.0016576
1266,11669.7,0.97407,0.6344,0.99624,0.75635,0.64142,0.71922,0.38974,1.51078,1.02048,1.27261,0.001651,0.001651,0.001651
1267,11678.9,0.9772,0.63384,1.00026,0.75385,0.64062,0.71854,0.38926,1.51115,1.02259,1.27305,0.0016444,0.0016444,0.0016444
1268,11688,0.9828,0.63708,1.00373,0.75749,0.638,0.71833,0.38892,1.51154,1.02351,1.27365,0.0016378,0.0016378,0.0016378
1269,11697.2,0.98526,0.6373,1.00132,0.75474,0.63868,0.71772,0.38843,1.51241,1.02487,1.27416,0.0016312,0.0016312,0.0016312
1270,11706.4,0.97963,0.63753,0.99891,0.75877,0.63666,0.71701,0.38791,1.51367,1.02639,1.27498,0.0016246,0.0016246,0.0016246
1271,11715.6,0.98142,0.632,0.99981,0.75219,0.63705,0.71626,0.38698,1.51626,1.02996,1.27668,0.001618,0.001618,0.001618
1272,11724.8,0.96956,0.62863,0.99439,0.75293,0.63635,0.71531,0.38679,1.51696,1.03129,1.27713,0.0016114,0.0016114,0.0016114
1273,11734,0.97825,0.63244,0.99638,0.75252,0.63594,0.71515,0.38657,1.51707,1.0336,1.27745,0.0016048,0.0016048,0.0016048
1274,11743.1,0.98033,0.63409,0.99768,0.75151,0.63668,0.71425,0.38638,1.51782,1.03501,1.27835,0.0015982,0.0015982,0.0015982
1275,11752.3,0.97959,0.63462,0.99775,0.75243,0.63546,0.71412,0.38596,1.51916,1.03704,1.27902,0.0015916,0.0015916,0.0015916
1276,11761.6,0.98891,0.63558,0.9986,0.75055,0.63611,0.71323,0.3856,1.51966,1.03786,1.27971,0.001585,0.001585,0.001585
1277,11770.8,0.97224,0.63229,0.99445,0.75088,0.63624,0.71323,0.38533,1.5208,1.03951,1.2804,0.0015784,0.0015784,0.0015784
1278,11779.9,0.98148,0.63565,0.99798,0.75326,0.63399,0.7119,0.38477,1.52167,1.0409,1.28087,0.0015718,0.0015718,0.0015718
1279,11789,0.97042,0.63349,0.99903,0.75016,0.63448,0.71099,0.38373,1.52191,1.0423,1.28068,0.0015652,0.0015652,0.0015652
1280,11798.2,0.97319,0.62934,0.99822,0.74927,0.63592,0.71123,0.38357,1.52234,1.04343,1.28147,0.0015586,0.0015586,0.0015586
1281,11807.5,0.97133,0.62883,0.99597,0.74829,0.63578,0.71092,0.38304,1.52316,1.04476,1.28202,0.001552,0.001552,0.001552
1282,11816.6,0.97149,0.63297,1.00065,0.7465,0.63577,0.70985,0.38262,1.52441,1.04706,1.28304,0.0015454,0.0015454,0.0015454
1283,11825.9,0.9732,0.63098,0.99579,0.74595,0.63677,0.71058,0.38252,1.52458,1.04613,1.28272,0.0015388,0.0015388,0.0015388
1284,11835,0.98038,0.63082,0.99687,0.7454,0.6364,0.71019,0.3823,1.52483,1.04679,1.28328,0.0015322,0.0015322,0.0015322
1285,11844.2,0.97589,0.63205,0.99562,0.74653,0.63569,0.71061,0.38225,1.52499,1.04718,1.28335,0.0015256,0.0015256,0.0015256
1286,11853.5,0.96799,0.62629,0.99369,0.74706,0.63563,0.71026,0.38214,1.52594,1.04765,1.28411,0.001519,0.001519,0.001519
1287,11862.7,0.96983,0.62814,0.99693,0.74533,0.63558,0.71034,0.38209,1.52568,1.04941,1.28409,0.0015124,0.0015124,0.0015124
1288,11871.9,0.98273,0.63404,0.99867,0.74735,0.63524,0.71029,0.38189,1.52653,1.05032,1.28466,0.0015058,0.0015058,0.0015058
1289,11881,0.97034,0.62953,0.99439,0.74694,0.63444,0.70988,0.38224,1.52649,1.05041,1.28432,0.0014992,0.0014992,0.0014992
1290,11890.2,0.96879,0.63204,0.99703,0.74765,0.63405,0.70936,0.38167,1.52702,1.05171,1.28447,0.0014926,0.0014926,0.0014926
1291,11899.4,0.9646,0.62748,0.99683,0.74699,0.63398,0.70928,0.38197,1.52678,1.05116,1.28398,0.001486,0.001486,0.001486
1292,11908.6,0.9703,0.62484,0.99313,0.74791,0.63412,0.70948,0.38202,1.52691,1.05084,1.28394,0.0014794,0.0014794,0.0014794
1293,11917.8,0.96105,0.62779,0.99599,0.74764,0.63524,0.71014,0.38202,1.52702,1.05105,1.28392,0.0014728,0.0014728,0.0014728
1294,11927,0.97878,0.63322,1.0012,0.74705,0.63471,0.70969,0.38209,1.52792,1.05247,1.28446,0.0014662,0.0014662,0.0014662
1295,11936.1,0.95283,0.62331,0.9955,0.74901,0.6333,0.70915,0.38178,1.52748,1.05332,1.28422,0.0014596,0.0014596,0.0014596
1296,11945.4,0.96855,0.63048,0.99805,0.74625,0.63304,0.70879,0.38121,1.52774,1.05464,1.28473,0.001453,0.001453,0.001453
1297,11954.5,0.98354,0.63417,0.99498,0.74646,0.63268,0.70868,0.38075,1.52862,1.05628,1.28526,0.0014464,0.0014464,0.0014464
1298,11963.7,0.97381,0.63651,1.00055,0.748,0.63162,0.70752,0.38012,1.53039,1.05904,1.28636,0.0014398,0.0014398,0.0014398
1299,11973,0.98833,0.63904,0.99987,0.74901,0.63085,0.70733,0.38008,1.53126,1.06066,1.28703,0.0014332,0.0014332,0.0014332
1300,11982.1,0.98281,0.6382,1.00308,0.74854,0.62939,0.70579,0.37946,1.53177,1.06237,1.28716,0.0014266,0.0014266,0.0014266
1301,11991.4,0.97173,0.62576,0.99068,0.74726,0.63049,0.7062,0.37949,1.53259,1.06365,1.28736,0.00142,0.00142,0.00142
1302,12000.5,0.96498,0.63181,0.9976,0.74608,0.63124,0.70606,0.37925,1.53315,1.06509,1.28789,0.0014134,0.0014134,0.0014134
1303,12009.7,0.9692,0.63256,0.99722,0.74371,0.6286,0.70512,0.37865,1.5345,1.06802,1.28859,0.0014068,0.0014068,0.0014068
1304,12018.8,0.95139,0.61845,0.9912,0.74433,0.62832,0.70459,0.37816,1.53547,1.06993,1.28914,0.0014002,0.0014002,0.0014002
1305,12028,0.97495,0.63123,0.99877,0.74498,0.6278,0.70475,0.37818,1.5357,1.07071,1.28915,0.0013936,0.0013936,0.0013936
1306,12037.3,0.95982,0.62449,0.9942,0.74602,0.62739,0.70441,0.37805,1.53619,1.07197,1.28955,0.001387,0.001387,0.001387
1307,12046.4,0.96539,0.62542,0.9946,0.74474,0.62786,0.70451,0.37826,1.53576,1.07356,1.28942,0.0013804,0.0013804,0.0013804
1308,12055.6,0.98046,0.63287,0.99533,0.74478,0.62604,0.70364,0.37782,1.53625,1.07514,1.28977,0.0013738,0.0013738,0.0013738
1309,12064.8,0.9727,0.6329,0.99943,0.74398,0.62707,0.7028,0.37756,1.53714,1.07723,1.29049,0.0013672,0.0013672,0.0013672
1310,12074,0.98014,0.63244,0.99896,0.74316,0.62611,0.70235,0.3771,1.53793,1.07909,1.29124,0.0013606,0.0013606,0.0013606
1311,12083.3,0.96743,0.62556,0.99442,0.74314,0.62464,0.70039,0.37673,1.53896,1.08154,1.29189,0.001354,0.001354,0.001354
1312,12092.5,0.95603,0.62733,0.99742,0.74376,0.62473,0.70026,0.37648,1.53905,1.08253,1.29211,0.0013474,0.0013474,0.0013474
1313,12101.6,0.97805,0.6311,0.99928,0.74253,0.62502,0.70058,0.377,1.53857,1.08169,1.29212,0.0013408,0.0013408,0.0013408
1314,12110.8,0.97306,0.63127,0.99713,0.74574,0.61965,0.69963,0.37682,1.53888,1.08252,1.29233,0.0013342,0.0013342,0.0013342
1315,12120,0.97627,0.6344,0.99915,0.74742,0.61842,0.69974,0.37658,1.53926,1.08439,1.29264,0.0013276,0.0013276,0.0013276
1316,12129.3,0.95368,0.62043,0.99253,0.74904,0.61885,0.69974,0.37639,1.53986,1.08549,1.29281,0.001321,0.001321,0.001321
1317,12138.5,0.96845,0.62581,0.98942,0.74858,0.61839,0.69926,0.37592,1.54074,1.08734,1.29317,0.0013144,0.0013144,0.0013144
1318,12147.6,0.96644,0.63005,0.99739,0.74827,0.61832,0.69927,0.37598,1.54132,1.08856,1.29354,0.0013078,0.0013078,0.0013078
1319,12156.8,0.96513,0.62764,0.99496,0.74767,0.619,0.69926,0.37631,1.54069,1.088,1.29289,0.0013012,0.0013012,0.0013012
1320,12165.9,0.99057,0.63553,0.99724,0.74724,0.61693,0.69881,0.37604,1.54134,1.08864,1.29323,0.0012946,0.0012946,0.0012946
1321,12175.2,0.9677,0.62604,0.99402,0.7499,0.61364,0.69794,0.37592,1.54218,1.08888,1.29359,0.001288,0.001288,0.001288
1322,12184.4,0.97177,0.63564,1.00194,0.74857,0.61353,0.6972,0.37519,1.54327,1.09135,1.29438,0.0012814,0.0012814,0.0012814
1323,12193.6,0.95932,0.62561,0.9919,0.74664,0.6166,0.69622,0.37459,1.54482,1.09359,1.29504,0.0012748,0.0012748,0.0012748
1324,12202.7,0.97562,0.63096,0.99596,0.74773,0.61297,0.69632,0.37428,1.54504,1.09429,1.29502,0.0012682,0.0012682,0.0012682
1325,12211.9,0.95422,0.62064,0.98961,0.74786,0.61376,0.69645,0.37446,1.54597,1.09529,1.29569,0.0012616,0.0012616,0.0012616
1326,12221.2,0.96209,0.62603,0.9907,0.74935,0.61148,0.69669,0.37411,1.5466,1.0973,1.29619,0.001255,0.001255,0.001255
1327,12230.3,0.96621,0.62515,0.99541,0.74904,0.6119,0.69566,0.37345,1.54716,1.09722,1.29631,0.0012484,0.0012484,0.0012484
1328,12239.4,0.95589,0.62656,0.99309,0.7457,0.6131,0.69449,0.37256,1.54832,1.09933,1.29695,0.0012418,0.0012418,0.0012418
1329,12248.6,0.95866,0.62032,0.99308,0.74672,0.61422,0.69486,0.37317,1.54887,1.10066,1.29719,0.0012352,0.0012352,0.0012352
1330,12257.8,0.96993,0.63201,0.99493,0.74341,0.61611,0.69415,0.37271,1.54993,1.10333,1.29794,0.0012286,0.0012286,0.0012286
1331,12267,0.96533,0.62379,0.99405,0.74187,0.61427,0.69341,0.37195,1.55195,1.1065,1.2994,0.001222,0.001222,0.001222
1332,12276.2,0.97235,0.62904,0.99301,0.73825,0.61595,0.69316,0.37131,1.55298,1.10794,1.30008,0.0012154,0.0012154,0.0012154
1333,12285.3,0.95196,0.61838,0.98967,0.73583,0.61754,0.69274,0.37119,1.55366,1.10857,1.30079,0.0012088,0.0012088,0.0012088
1334,12294.7,0.96241,0.624,0.99522,0.73599,0.61727,0.69266,0.37033,1.55471,1.11028,1.3014,0.0012022,0.0012022,0.0012022
1335,12304.1,0.96892,0.6289,0.99377,0.73663,0.61648,0.69231,0.37019,1.5558,1.11179,1.30187,0.0011956,0.0011956,0.0011956
1336,12313.3,0.96309,0.62415,0.99337,0.7342,0.61782,0.69194,0.3701,1.5566,1.11259,1.30205,0.001189,0.001189,0.001189
1337,12322.5,0.96158,0.62447,0.9958,0.74021,0.61237,0.69075,0.36912,1.55726,1.11581,1.30252,0.0011824,0.0011824,0.0011824
1338,12331.7,0.97098,0.63229,0.9981,0.74042,0.61373,0.6909,0.36888,1.5581,1.1163,1.30302,0.0011758,0.0011758,0.0011758
1339,12340.8,0.96886,0.62992,0.99664,0.73582,0.61324,0.68951,0.36847,1.55914,1.11886,1.30413,0.0011692,0.0011692,0.0011692
1340,12350,0.969,0.63075,0.99536,0.74035,0.61126,0.68985,0.36819,1.55936,1.12053,1.30422,0.0011626,0.0011626,0.0011626
1341,12359.3,0.96656,0.62705,0.99675,0.73991,0.6107,0.68926,0.36803,1.55967,1.12208,1.30423,0.001156,0.001156,0.001156
1342,12368.5,0.9534,0.61913,0.99107,0.73875,0.60947,0.68813,0.36742,1.5601,1.12285,1.30456,0.0011494,0.0011494,0.0011494
1343,12377.6,0.95421,0.62131,0.99253,0.73855,0.60777,0.68706,0.36614,1.56137,1.12619,1.30532,0.0011428,0.0011428,0.0011428
1344,12386.8,0.96165,0.62294,0.99574,0.74128,0.606,0.68782,0.36624,1.5614,1.126,1.30549,0.0011362,0.0011362,0.0011362
1345,12396,0.96241,0.62261,0.99341,0.74235,0.60506,0.68697,0.36589,1.56208,1.12805,1.30591,0.0011296,0.0011296,0.0011296
1346,12405.2,0.97363,0.63434,0.9997,0.7432,0.60528,0.68681,0.3658,1.56255,1.12776,1.30591,0.001123,0.001123,0.001123
1347,12414.4,0.95208,0.61652,0.99008,0.74295,0.60586,0.68677,0.36559,1.56337,1.1311,1.30664,0.0011164,0.0011164,0.0011164
1348,12423.6,0.95399,0.6226,0.99098,0.7413,0.60575,0.68576,0.36495,1.56382,1.13138,1.30688,0.0011098,0.0011098,0.0011098
1349,12432.8,0.97625,0.63209,1.00056,0.74131,0.60506,0.68516,0.36426,1.5656,1.13423,1.30828,0.0011032,0.0011032,0.0011032
1350,12441.9,0.96703,0.62738,0.99224,0.74082,0.60558,0.68457,0.36371,1.56648,1.13635,1.30882,0.0010966,0.0010966,0.0010966
1351,12451.3,0.94628,0.61855,0.99098,0.74057,0.60421,0.68371,0.36332,1.56704,1.13868,1.30944,0.00109,0.00109,0.00109
1352,12460.4,0.96701,0.62881,0.99625,0.7406,0.6033,0.6833,0.36298,1.5673,1.14007,1.30978,0.0010834,0.0010834,0.0010834
1353,12469.6,0.96326,0.62826,0.99555,0.73984,0.60448,0.68348,0.36306,1.56762,1.13971,1.3097,0.0010768,0.0010768,0.0010768
1354,12478.7,0.96663,0.62442,0.99203,0.73859,0.60441,0.68195,0.36304,1.56795,1.1406,1.3101,0.0010702,0.0010702,0.0010702
1355,12487.9,0.96535,0.62306,0.99068,0.7393,0.60497,0.68174,0.3627,1.56852,1.14102,1.31041,0.0010636,0.0010636,0.0010636
1356,12497.2,0.95075,0.61977,0.9925,0.73859,0.60483,0.68178,0.36244,1.56928,1.14181,1.31059,0.001057,0.001057,0.001057
1357,12506.3,0.96899,0.62854,0.99211,0.73682,0.6044,0.6811,0.36262,1.56971,1.14176,1.31055,0.0010504,0.0010504,0.0010504
1358,12515.5,0.96723,0.62599,0.99591,0.73654,0.60393,0.68103,0.36221,1.56977,1.14147,1.3106,0.0010438,0.0010438,0.0010438
1359,12524.7,0.95839,0.62483,0.99077,0.73682,0.60385,0.68024,0.3619,1.57027,1.14412,1.31157,0.0010372,0.0010372,0.0010372
1360,12533.9,0.95784,0.62226,0.99065,0.73794,0.60241,0.68041,0.36153,1.57041,1.14451,1.31177,0.0010306,0.0010306,0.0010306
1361,12543.1,0.96187,0.62826,0.99435,0.73694,0.6026,0.67921,0.361,1.57114,1.14593,1.31228,0.001024,0.001024,0.001024
1362,12552.3,0.95352,0.62313,0.99074,0.73772,0.60218,0.67873,0.36119,1.57158,1.14635,1.31264,0.0010174,0.0010174,0.0010174
1363,12561.4,0.95773,0.62188,0.99151,0.7354,0.60523,0.67981,0.36132,1.57191,1.14758,1.31298,0.0010108,0.0010108,0.0010108
1364,12570.6,0.95405,0.61786,0.99104,0.73725,0.60322,0.67898,0.36091,1.57237,1.14839,1.31328,0.0010042,0.0010042,0.0010042
1365,12579.8,0.95529,0.61749,0.99311,0.73722,0.6015,0.67803,0.35972,1.57456,1.15331,1.31449,0.0009976,0.0009976,0.0009976
1366,12589.1,0.95988,0.62542,0.99101,0.73448,0.60228,0.6774,0.35954,1.57494,1.15485,1.31472,0.000991,0.000991,0.000991
1367,12598.3,0.9548,0.62038,0.98859,0.73188,0.60235,0.67686,0.35873,1.57585,1.1564,1.3147,0.0009844,0.0009844,0.0009844
1368,12607.4,0.94635,0.61772,0.9902,0.7327,0.60188,0.67613,0.35844,1.57655,1.15815,1.31524,0.0009778,0.0009778,0.0009778
1369,12616.6,0.9488,0.61722,0.98732,0.72597,0.60445,0.67641,0.35847,1.57767,1.16006,1.31591,0.0009712,0.0009712,0.0009712
1370,12625.7,0.94805,0.61711,0.98651,0.72663,0.60395,0.67581,0.35783,1.57803,1.1608,1.31625,0.0009646,0.0009646,0.0009646
1371,12635,0.96477,0.62459,0.99209,0.72374,0.6042,0.67416,0.35724,1.57883,1.16378,1.31696,0.000958,0.000958,0.000958
1372,12644.1,0.96053,0.62416,0.99581,0.72266,0.60369,0.67375,0.3571,1.57985,1.165,1.31755,0.0009514,0.0009514,0.0009514
1373,12653.3,0.9586,0.62274,0.99295,0.72171,0.60327,0.67361,0.35691,1.58006,1.16541,1.31738,0.0009448,0.0009448,0.0009448
1374,12662.5,0.93852,0.61456,0.98741,0.72084,0.60378,0.67291,0.35648,1.58126,1.16752,1.31796,0.0009382,0.0009382,0.0009382
1375,12671.6,0.94456,0.61874,0.99257,0.72191,0.6037,0.67306,0.35631,1.5817,1.1687,1.31824,0.0009316,0.0009316,0.0009316
1376,12680.9,0.94959,0.61832,0.98582,0.72349,0.60304,0.67292,0.356,1.58262,1.17073,1.31875,0.000925,0.000925,0.000925
1377,12690.1,0.95594,0.61869,0.99103,0.72682,0.59941,0.67144,0.35502,1.58423,1.17653,1.31978,0.0009184,0.0009184,0.0009184
1378,12699.3,0.96069,0.62152,0.99027,0.72342,0.59846,0.66891,0.35447,1.58529,1.1791,1.32061,0.0009118,0.0009118,0.0009118
1379,12708.4,0.954,0.62023,0.98982,0.72602,0.59627,0.66874,0.35426,1.58638,1.18165,1.32114,0.0009052,0.0009052,0.0009052
1380,12717.6,0.95693,0.62162,0.99108,0.72254,0.59866,0.66842,0.35374,1.58745,1.18272,1.32149,0.0008986,0.0008986,0.0008986
1381,12726.9,0.94836,0.61453,0.98439,0.72065,0.59703,0.66716,0.35381,1.588,1.18509,1.32194,0.000892,0.000892,0.000892
1382,12736,0.96312,0.62421,0.98948,0.72455,0.59462,0.6667,0.35338,1.58833,1.18507,1.32224,0.0008854,0.0008854,0.0008854
1383,12745.2,0.9487,0.61753,0.99151,0.72424,0.59458,0.66703,0.35302,1.58865,1.18517,1.32248,0.0008788,0.0008788,0.0008788
1384,12754.3,0.95734,0.61923,0.99421,0.72299,0.59395,0.66681,0.35271,1.5881,1.18494,1.32256,0.0008722,0.0008722,0.0008722
1385,12763.5,0.96104,0.62095,0.98794,0.72237,0.59469,0.66749,0.35316,1.58784,1.18455,1.32244,0.0008656,0.0008656,0.0008656
1386,12772.7,0.95623,0.62197,0.99263,0.72274,0.59331,0.66722,0.35214,1.5886,1.1855,1.32292,0.000859,0.000859,0.000859
1387,12781.8,0.96185,0.62564,0.99415,0.72459,0.58996,0.66665,0.35183,1.58967,1.18926,1.32348,0.0008524,0.0008524,0.0008524
1388,12791,0.95017,0.61814,0.98749,0.72411,0.58932,0.66573,0.35123,1.59117,1.19228,1.32436,0.0008458,0.0008458,0.0008458
1389,12800.2,0.96088,0.62867,0.996,0.72427,0.58909,0.66662,0.35207,1.59087,1.19013,1.32435,0.0008392,0.0008392,0.0008392
1390,12809.3,0.95987,0.62367,0.99265,0.72471,0.58903,0.66641,0.35141,1.59239,1.19179,1.32513,0.0008326,0.0008326,0.0008326
1391,12818.5,0.96294,0.62801,0.99688,0.72383,0.58978,0.66418,0.35065,1.59286,1.19326,1.32543,0.000826,0.000826,0.000826
1392,12827.7,0.95696,0.61981,0.99326,0.72217,0.59011,0.66393,0.3507,1.59271,1.19423,1.32542,0.0008194,0.0008194,0.0008194
1393,12836.8,0.9625,0.62367,0.9922,0.72085,0.58882,0.66238,0.3495,1.59508,1.19948,1.32623,0.0008128,0.0008128,0.0008128
1394,12845.9,0.95477,0.61959,0.99001,0.72266,0.58896,0.66203,0.34934,1.59579,1.20072,1.32721,0.0008062,0.0008062,0.0008062
1395,12855.1,0.95928,0.62266,0.98987,0.72021,0.58956,0.66108,0.34866,1.59804,1.20374,1.32821,0.0007996,0.0007996,0.0007996
1396,12864.4,0.94952,0.61787,0.98884,0.71671,0.58989,0.66032,0.34803,1.59874,1.20552,1.32907,0.000793,0.000793,0.000793
1397,12873.6,0.95356,0.61904,0.98988,0.71702,0.58806,0.65848,0.34703,1.59956,1.20962,1.32896,0.0007864,0.0007864,0.0007864
1398,12882.8,0.95931,0.62355,0.99202,0.72113,0.58477,0.65736,0.34659,1.60003,1.21147,1.32974,0.0007798,0.0007798,0.0007798
1399,12891.9,0.94674,0.61731,0.98922,0.71955,0.58542,0.65751,0.34643,1.60069,1.21247,1.33016,0.0007732,0.0007732,0.0007732
1400,12901,0.9323,0.61063,0.98398,0.72269,0.58359,0.65694,0.346,1.60141,1.21415,1.33057,0.0007666,0.0007666,0.0007666
1401,12910.2,0.95535,0.61818,0.98626,0.71936,0.58337,0.65576,0.34532,1.60306,1.22021,1.33201,0.00076,0.00076,0.00076
1402,12919.4,0.95225,0.61878,0.98949,0.72141,0.58189,0.65465,0.34464,1.60403,1.22236,1.33261,0.0007534,0.0007534,0.0007534
1403,12928.6,0.95172,0.62025,0.99098,0.71821,0.57985,0.65393,0.34455,1.60537,1.22651,1.33366,0.0007468,0.0007468,0.0007468
1404,12937.7,0.93904,0.60983,0.98499,0.71582,0.58079,0.65329,0.34377,1.60589,1.22807,1.33417,0.0007402,0.0007402,0.0007402
1405,12946.9,0.95479,0.62067,0.99201,0.72099,0.57909,0.6539,0.3437,1.60622,1.22908,1.33436,0.0007336,0.0007336,0.0007336
1406,12956.2,0.95114,0.61852,0.98857,0.71942,0.57844,0.65374,0.34338,1.60733,1.22964,1.33486,0.000727,0.000727,0.000727
1407,12965.3,0.94007,0.61012,0.98735,0.71564,0.58028,0.65348,0.34327,1.6077,1.23009,1.33517,0.0007204,0.0007204,0.0007204
1408,12974.5,0.95734,0.62573,0.9933,0.71669,0.57806,0.6527,0.34231,1.60914,1.23212,1.33637,0.0007138,0.0007138,0.0007138
1409,12983.6,0.95512,0.62025,0.98845,0.71602,0.57744,0.6524,0.34223,1.60982,1.23354,1.33673,0.0007072,0.0007072,0.0007072
1410,12992.8,0.95066,0.62149,0.98976,0.71536,0.57777,0.65156,0.34181,1.61049,1.23513,1.33687,0.0007006,0.0007006,0.0007006
1411,13002,0.9503,0.61629,0.99042,0.71478,0.57673,0.65064,0.34132,1.61156,1.23842,1.33745,0.000694,0.000694,0.000694
1412,13011.2,0.94756,0.6129,0.98973,0.71346,0.57492,0.64923,0.34088,1.61285,1.24179,1.33858,0.0006874,0.0006874,0.0006874
1413,13020.4,0.95712,0.61995,0.99096,0.7073,0.57573,0.64809,0.34013,1.61472,1.24831,1.33981,0.0006808,0.0006808,0.0006808
1414,13029.6,0.93733,0.6109,0.98407,0.70422,0.57664,0.64607,0.3389,1.61703,1.25283,1.34126,0.0006742,0.0006742,0.0006742
1415,13038.7,0.94516,0.61577,0.98707,0.71056,0.5714,0.64566,0.33854,1.61896,1.25706,1.34273,0.0006676,0.0006676,0.0006676
1416,13047.9,0.94076,0.61201,0.98419,0.7022,0.57812,0.64625,0.33796,1.62024,1.25859,1.34376,0.000661,0.000661,0.000661
1417,13057.2,0.95623,0.6209,0.98885,0.70211,0.57801,0.64596,0.33791,1.62057,1.25786,1.34392,0.0006544,0.0006544,0.0006544
1418,13066.3,0.9608,0.62046,0.99158,0.70469,0.57577,0.64522,0.33726,1.62122,1.26018,1.34442,0.0006478,0.0006478,0.0006478
1419,13075.5,0.94671,0.61782,0.98887,0.7049,0.5743,0.64448,0.33656,1.623,1.26523,1.34543,0.0006412,0.0006412,0.0006412
1420,13084.7,0.94593,0.61476,0.98689,0.70432,0.57398,0.64404,0.33641,1.62315,1.26585,1.3457,0.0006346,0.0006346,0.0006346
1421,13093.9,0.93774,0.60834,0.98479,0.70381,0.57313,0.64385,0.33557,1.624,1.26822,1.34611,0.000628,0.000628,0.000628
1422,13103.2,0.95592,0.62443,0.99084,0.70773,0.57138,0.64402,0.33534,1.62539,1.27121,1.34699,0.0006214,0.0006214,0.0006214
1423,13112.3,0.9551,0.61591,0.98567,0.70502,0.57192,0.64192,0.33455,1.62719,1.27635,1.34829,0.0006148,0.0006148,0.0006148
1424,13121.5,0.95163,0.61979,0.98896,0.70248,0.57268,0.64131,0.33402,1.62815,1.27918,1.34921,0.0006082,0.0006082,0.0006082
1425,13130.7,0.94684,0.61785,0.98703,0.70026,0.57021,0.64022,0.33327,1.63027,1.28406,1.35032,0.0006016,0.0006016,0.0006016
1426,13139.8,0.94914,0.61647,0.98932,0.69933,0.56927,0.63902,0.333,1.63128,1.28547,1.35078,0.000595,0.000595,0.000595
1427,13149,0.9529,0.62188,0.9907,0.69758,0.56986,0.63849,0.33279,1.632,1.28671,1.35172,0.0005884,0.0005884,0.0005884
1428,13158.2,0.93971,0.6104,0.98603,0.69925,0.56952,0.6378,0.33217,1.63353,1.28978,1.35262,0.0005818,0.0005818,0.0005818
1429,13167.4,0.94859,0.61349,0.98711,0.69686,0.56817,0.63535,0.33054,1.63624,1.29779,1.35475,0.0005752,0.0005752,0.0005752
1430,13176.5,0.96777,0.6263,0.99224,0.69565,0.56832,0.63438,0.32964,1.63744,1.30072,1.35568,0.0005686,0.0005686,0.0005686
1431,13185.7,0.93999,0.61015,0.98404,0.69609,0.56745,0.63362,0.32914,1.6394,1.30628,1.3568,0.000562,0.000562,0.000562
1432,13195,0.94515,0.61489,0.98932,0.69342,0.56726,0.63184,0.32799,1.64112,1.31002,1.35801,0.0005554,0.0005554,0.0005554
1433,13204.1,0.94354,0.60873,0.98195,0.69134,0.56536,0.63132,0.32742,1.64304,1.31417,1.35916,0.0005488,0.0005488,0.0005488
1434,13213.3,0.95124,0.61396,0.98602,0.69133,0.56487,0.63114,0.3272,1.64491,1.31586,1.36083,0.0005422,0.0005422,0.0005422
1435,13222.5,0.94846,0.61689,0.99015,0.68893,0.56498,0.63005,0.32668,1.64561,1.31831,1.36148,0.0005356,0.0005356,0.0005356
1436,13231.6,0.94762,0.61714,0.98545,0.68822,0.56589,0.62938,0.32576,1.64677,1.32131,1.36207,0.000529,0.000529,0.000529
1437,13240.9,0.94839,0.61509,0.98835,0.68604,0.56671,0.62885,0.32585,1.64787,1.32497,1.36288,0.0005224,0.0005224,0.0005224
1438,13250.1,0.94615,0.61532,0.98726,0.68326,0.56597,0.62863,0.32536,1.6486,1.32582,1.36357,0.0005158,0.0005158,0.0005158
1439,13259.3,0.9443,0.61551,0.99164,0.68461,0.56596,0.62837,0.32526,1.64958,1.32688,1.36409,0.0005092,0.0005092,0.0005092
1440,13268.4,0.94798,0.61514,0.98458,0.68218,0.56566,0.62737,0.32438,1.65068,1.32799,1.36519,0.0005026,0.0005026,0.0005026
1441,13277.6,0.94817,0.61541,0.98521,0.68132,0.56439,0.62664,0.32373,1.65191,1.33142,1.36629,0.000496,0.000496,0.000496
1442,13286.8,0.94826,0.61582,0.98668,0.685,0.56287,0.62621,0.32353,1.65269,1.33236,1.36704,0.0004894,0.0004894,0.0004894
1443,13296,0.95968,0.61813,0.99018,0.6836,0.56274,0.62535,0.32284,1.65426,1.33482,1.36796,0.0004828,0.0004828,0.0004828
1444,13305.2,0.94932,0.6151,0.99173,0.68101,0.56326,0.6251,0.32224,1.65518,1.33734,1.36884,0.0004762,0.0004762,0.0004762
1445,13314.4,0.94968,0.61946,0.98758,0.67817,0.56339,0.6249,0.32247,1.65464,1.33749,1.36909,0.0004696,0.0004696,0.0004696
1446,13323.5,0.95962,0.61932,0.99023,0.67812,0.56311,0.62393,0.32191,1.65567,1.3401,1.36991,0.000463,0.000463,0.000463
1447,13332.8,0.95204,0.62175,0.98994,0.67688,0.56353,0.62304,0.32117,1.65657,1.34237,1.37053,0.0004564,0.0004564,0.0004564
1448,13342,0.94299,0.6143,0.98787,0.67778,0.564,0.62299,0.32119,1.65644,1.34295,1.37072,0.0004498,0.0004498,0.0004498
1449,13351.2,0.95187,0.61759,0.99261,0.67957,0.56206,0.62284,0.32097,1.65682,1.34441,1.37085,0.0004432,0.0004432,0.0004432
1450,13360.4,0.93785,0.61113,0.98508,0.67905,0.56264,0.62271,0.3209,1.65651,1.34394,1.37058,0.0004366,0.0004366,0.0004366
1451,13369.6,0.93792,0.60633,0.98355,0.6833,0.55945,0.62212,0.32061,1.65666,1.34329,1.3702,0.00043,0.00043,0.00043
1452,13378.8,0.95155,0.61612,0.98904,0.68395,0.56006,0.62193,0.32047,1.65752,1.34582,1.37098,0.0004234,0.0004234,0.0004234
1453,13388,0.942,0.61307,0.98675,0.68234,0.56136,0.62209,0.32029,1.65741,1.34561,1.37072,0.0004168,0.0004168,0.0004168
1454,13397.1,0.947,0.61485,0.987,0.68401,0.55921,0.62102,0.32019,1.65688,1.34513,1.37052,0.0004102,0.0004102,0.0004102
1455,13406.3,0.9438,0.61207,0.98707,0.68415,0.55929,0.62209,0.32018,1.65696,1.34646,1.37034,0.0004036,0.0004036,0.0004036
1456,13415.5,0.93952,0.61384,0.98779,0.68329,0.55794,0.62042,0.32011,1.65742,1.3474,1.37105,0.000397,0.000397,0.000397
1457,13424.8,0.94533,0.61503,0.98501,0.68255,0.55843,0.62081,0.3194,1.65825,1.35089,1.37176,0.0003904,0.0003904,0.0003904
1458,13433.9,0.93036,0.60476,0.97843,0.68924,0.55267,0.62001,0.31906,1.65919,1.35199,1.37271,0.0003838,0.0003838,0.0003838
1459,13443.1,0.94953,0.61333,0.98946,0.68965,0.55366,0.61978,0.31907,1.65968,1.35338,1.37278,0.0003772,0.0003772,0.0003772
1460,13452.2,0.92912,0.60645,0.98336,0.68806,0.55218,0.61934,0.31848,1.66039,1.35538,1.37361,0.0003706,0.0003706,0.0003706
1461,13461.4,0.9554,0.61539,0.98957,0.68854,0.55384,0.62044,0.31822,1.66059,1.35315,1.37354,0.000364,0.000364,0.000364
1462,13470.7,0.93513,0.60802,0.98521,0.68389,0.55505,0.61964,0.31782,1.66101,1.35513,1.37377,0.0003574,0.0003574,0.0003574
1463,13479.9,0.94742,0.61894,0.98941,0.68748,0.55372,0.62041,0.31869,1.66014,1.35479,1.37359,0.0003508,0.0003508,0.0003508
1464,13489,0.94665,0.61433,0.98516,0.68506,0.5543,0.61966,0.31806,1.66055,1.35563,1.37417,0.0003442,0.0003442,0.0003442
1465,13498.2,0.93748,0.60904,0.98391,0.68339,0.55325,0.61843,0.31782,1.66116,1.35718,1.3748,0.0003376,0.0003376,0.0003376
1466,13507.4,0.94195,0.61531,0.98405,0.68091,0.55365,0.61851,0.31764,1.66196,1.36065,1.37603,0.000331,0.000331,0.000331
1467,13516.6,0.94724,0.61479,0.98416,0.67937,0.55391,0.61637,0.31666,1.6635,1.36498,1.37688,0.0003244,0.0003244,0.0003244
1468,13525.8,0.92892,0.60144,0.98316,0.68281,0.55265,0.61584,0.31629,1.66446,1.36725,1.37761,0.0003178,0.0003178,0.0003178
1469,13535.1,0.94115,0.61259,0.98489,0.68329,0.5526,0.61471,0.31521,1.66601,1.3714,1.37867,0.0003112,0.0003112,0.0003112
1470,13544.2,0.93552,0.61096,0.98712,0.67766,0.55329,0.61406,0.31462,1.66735,1.37338,1.37981,0.0003046,0.0003046,0.0003046
1471,13553.4,0.94649,0.61258,0.98603,0.68089,0.55236,0.61279,0.31394,1.66807,1.3771,1.3805,0.000298,0.000298,0.000298
1472,13562.6,0.9519,0.61917,0.99246,0.67986,0.55193,0.6122,0.3136,1.66929,1.37948,1.38152,0.0002914,0.0002914,0.0002914
1473,13571.8,0.93912,0.61111,0.98444,0.67912,0.55209,0.61218,0.31349,1.66975,1.3786,1.38131,0.0002848,0.0002848,0.0002848
1474,13581,0.94171,0.61274,0.98854,0.67678,0.55213,0.6115,0.31303,1.67131,1.38141,1.38283,0.0002782,0.0002782,0.0002782
1475,13590.2,0.94067,0.60891,0.98701,0.67229,0.55299,0.61083,0.31244,1.67244,1.3846,1.38388,0.0002716,0.0002716,0.0002716
1476,13599.4,0.94693,0.61929,0.98914,0.66704,0.55323,0.61056,0.31199,1.67356,1.38602,1.38478,0.000265,0.000265,0.000265
1477,13608.6,0.93331,0.60851,0.98451,0.67285,0.55069,0.61016,0.31185,1.67358,1.38538,1.38449,0.0002584,0.0002584,0.0002584
1478,13617.8,0.93875,0.61367,0.98988,0.66954,0.55153,0.60965,0.31134,1.67509,1.38775,1.38578,0.0002518,0.0002518,0.0002518
1479,13627,0.93523,0.60889,0.98565,0.66633,0.55175,0.60903,0.31161,1.6748,1.38732,1.38555,0.0002452,0.0002452,0.0002452
1480,13636.1,0.95573,0.61994,0.98653,0.67123,0.55087,0.60929,0.31139,1.6753,1.38867,1.38623,0.0002386,0.0002386,0.0002386
1481,13645.2,0.95992,0.62431,0.9912,0.671,0.55084,0.60866,0.31068,1.67643,1.3922,1.38727,0.000232,0.000232,0.000232
1482,13654.5,0.94154,0.60957,0.98485,0.66615,0.55015,0.60728,0.31097,1.67714,1.39546,1.38798,0.0002254,0.0002254,0.0002254
1483,13663.7,0.94883,0.6173,0.99126,0.66779,0.54959,0.60654,0.31033,1.67771,1.39791,1.38839,0.0002188,0.0002188,0.0002188
1484,13672.9,0.93112,0.60845,0.9843,0.66295,0.5498,0.60578,0.30962,1.67929,1.40065,1.38955,0.0002122,0.0002122,0.0002122
1485,13682,0.94484,0.61398,0.98353,0.66674,0.54644,0.6048,0.30925,1.67987,1.40364,1.39013,0.0002056,0.0002056,0.0002056
1486,13691.2,0.94545,0.61045,0.98394,0.66934,0.54486,0.60381,0.30898,1.68057,1.40511,1.39069,0.000199,0.000199,0.000199
1487,13700.4,0.93622,0.61255,0.98612,0.66789,0.54525,0.60311,0.3083,1.68214,1.41054,1.39113,0.0001924,0.0001924,0.0001924
1488,13709.6,0.93787,0.61267,0.98906,0.66858,0.54246,0.60231,0.30806,1.68283,1.41308,1.39173,0.0001858,0.0001858,0.0001858
1489,13718.8,0.94785,0.6194,0.98898,0.66917,0.54163,0.60184,0.30771,1.68356,1.41438,1.39207,0.0001792,0.0001792,0.0001792
1490,13727.9,0.93265,0.60814,0.98496,0.67491,0.53602,0.59987,0.30673,1.68469,1.41742,1.39275,0.0001726,0.0001726,0.0001726
1491,13737.1,0.91389,0.59163,0.98156,0.67118,0.53713,0.59914,0.30628,1.68576,1.42074,1.39395,0.000166,0.000166,0.000166
1492,13744.7,0.88378,0.56949,0.96689,0.66947,0.53797,0.59915,0.30604,1.68639,1.42189,1.39452,0.0001594,0.0001594,0.0001594
1493,13752.3,0.86788,0.56139,0.96803,0.66274,0.53919,0.5982,0.3057,1.6873,1.42388,1.39516,0.0001528,0.0001528,0.0001528
1494,13759.9,0.86853,0.56096,0.96398,0.66558,0.53996,0.5988,0.3055,1.68745,1.42547,1.39544,0.0001462,0.0001462,0.0001462
1495,13767.5,0.8596,0.55346,0.96015,0.66434,0.54073,0.59824,0.3055,1.688,1.42513,1.39565,0.0001396,0.0001396,0.0001396
1496,13775.2,0.86536,0.55838,0.9639,0.66424,0.53938,0.59752,0.30482,1.68847,1.4289,1.39636,0.000133,0.000133,0.000133
1497,13782.9,0.85661,0.55346,0.96055,0.66356,0.54017,0.59687,0.30446,1.68942,1.43257,1.39699,0.0001264,0.0001264,0.0001264
1498,13790.5,0.86661,0.55702,0.96364,0.66129,0.53996,0.59659,0.30429,1.68967,1.43438,1.3974,0.0001198,0.0001198,0.0001198
1499,13798.1,0.86875,0.55584,0.96441,0.6621,0.54053,0.5967,0.30405,1.69027,1.4351,1.39799,0.0001132,0.0001132,0.0001132
1500,13805.7,0.85666,0.55199,0.95986,0.65897,0.54107,0.59531,0.3038,1.69029,1.43618,1.39801,0.0001066,0.0001066,0.0001066
